sportID,Sport,Country,Lat,Lon,participants_Count,medals_Count
1,Archery,Australia,-35.18,149.08,2,0
1,Archery,Bangladesh,23.42,90.22,1,0
1,Archery,Bhutan,27.32,89.43,1,0
1,Archery,Bulgaria,42.4,23.18,1,0
1,Archery,Burma,16.47,96.1,1,0
1,Archery,Canada,45.25,-75.43,2,0
1,Archery,Chile,-50.46,-75.26,1,0
1,Archery,China,39.55,116.26,7,2
1,Archery,Colombia,4.38,-74.05,2,0
1,Archery,Cote d'Ivoire,6.51,-5.18,1,0
1,Archery,Cuba,23.07,-82.25,1,0
1,Archery,Denmark,55.43,12.34,3,0
1,Archery,Egypt,30.2,31.13,2,0
1,Archery,Estonia,59.22,24.48,1,0
1,Archery,Fiji,-18.08,178.25,1,0
1,Archery,France,48.5,2.2,4,0
1,Archery,Georgia,41.43,44.48,1,0
1,Archery,Germany,52.32,13.25,2,0
1,Archery,Greece,38,23.44,1,0
1,Archery,India,28.37,77.13,5,0
1,Archery,Iran,35.4,51.26,1,0
1,Archery,Iraq,33.2,44.26,1,0
1,Archery,Italy,41.48,12.36,5,1
1,Archery,Japan,35.4,139.45,6,2
1,Archery,Kazakhstan,43.19,76.55,2,0
1,Archery,"Korea, North",39,125.47,1,0
1,Archery,"Korea, South",37.3,127,6,4
1,Archery,Luxembourg,49.37,6.08,1,0
1,Archery,Malaysia,3.08,101.42,4,0
1,Archery,Mexico,19.25,-99.1,6,2
1,Archery,Moldova,47,28.5,1,0
1,Archery,Mongolia,47.54,106.52,2,0
1,Archery,Netherlands,52.21,4.54,1,0
1,Archery,Norway,59.55,10.45,1,0
1,Archery,Philippines,14.37,120.58,2,0
1,Archery,Poland,52.15,21,2,0
1,Archery,Russia,55.45,37.42,2,0
1,Archery,Samoa,-13.5,-171.45,1,0
1,Archery,San Marino,43.56,12.26,1,0
1,Archery,Slovenia,46.04,14.3,1,0
1,Archery,South Africa,-25.45,28.12,1,0
1,Archery,Spain,40.25,-3.43,2,0
1,Archery,Sweden,59.2,1.03,1,0
1,Archery,Switzerland,46.57,7.26,2,0
1,Archery,Taiwan,25.5,121.32,6,0
1,Archery,Thailand,13.44,100.3,1,0
1,Archery,Turkey,39.55,32.5,1,0
1,Archery,Ukraine,50.25,30.3,6,0
1,Archery,United Kingdom,51.3,-0.1,6,0
1,Archery,United States,38.55,-77,6,1
1,Archery,Venezuela,10.35,-66.56,2,0
2,Athletics,Afghanistan,34.31,69.12,2,0
2,Athletics,Albania,41.2,19.49,2,0
2,Athletics,Algeria,36.5,3,6,1
2,Athletics,American Samoa,-14.16,-170.43,1,0
2,Athletics,Andorra,42.3,1.3,2,0
2,Athletics,Angola,-8.5,13.15,2,0
2,Athletics,Antigua and Barbuda,17.08,-61.5,3,0
2,Athletics,Argentina,-34.4,-58.3,9,0
2,Athletics,Armenia,40.1,44.31,4,0
2,Athletics,Australia,-35.18,149.08,50,3
2,Athletics,Austria,48.13,16.22,7,0
2,Athletics,Azerbaijan,40.22,49.53,3,0
2,Athletics,Bahamas,25.05,-77.2,22,1
2,Athletics,Bahrain,26.12,50.38,9,1
2,Athletics,Bangladesh,23.42,90.22,1,0
2,Athletics,Barbados,13.06,-59.37,4,0
2,Athletics,Belarus,53.55,27.33,48,0
2,Athletics,Belgium,50.5,4.21,16,0
2,Athletics,Belize,17.13,-88.48,2,0
2,Athletics,Benin,6.3,2.47,2,0
2,Athletics,Bermuda,32.18,-64.48,2,0
2,Athletics,Bolivia,-16.3,-68.1,2,0
2,Athletics,Bosnia and Herzegovina,43.52,18.25,2,0
2,Athletics,Botswana,-24.45,25.55,3,1
2,Athletics,Brazil,-15.45,-47.57,36,0
2,Athletics,Brunei,4.56,114.58,2,0
2,Athletics,Bulgaria,42.4,23.18,8,0
2,Athletics,Burkina Faso,12.22,-1.31,2,0
2,Athletics,Burma,16.47,96.1,2,0
2,Athletics,Burundi,-3.22,29.19,3,0
2,Athletics,Cambodia,11.35,104.55,2,0
2,Athletics,Cameroon,3.52,11.31,2,0
2,Athletics,Canada,45.25,-75.43,44,1
2,Athletics,Cape Verde,39.03,-27.59,2,0
2,Athletics,Cayman Islands,19.2,-81.24,3,0
2,Athletics,Central African Republic,4.23,18.37,2,0
2,Athletics,Chad,12.1,14.59,2,0
2,Athletics,Chile,-50.46,-75.26,7,0
2,Athletics,China,39.55,116.26,51,6
2,Athletics,Colombia,4.38,-74.05,32,1
2,Athletics,Comoros,-11.4,43.16,2,0
2,Athletics,Congo,-4.14,15.14,2,0
2,Athletics,"Congo, Dem Rep",-4.19,15.19,2,0
2,Athletics,Cook Islands,-21.12,-159.46,2,0
2,Athletics,Costa Rica,9.59,-84.04,4,0
2,Athletics,Cote d'Ivoire,6.51,-5.18,4,0
2,Athletics,Croatia,45.48,15.58,8,1
2,Athletics,Cuba,23.07,-82.25,46,2
2,Athletics,Cyprus,35.09,33.21,4,0
2,Athletics,Czech Republic,50.06,14.26,31,2
2,Athletics,Denmark,55.43,12.34,6,0
2,Athletics,Djibouti,11.3,4.06,2,0
2,Athletics,Dominica,15.18,-61.23,2,0
2,Athletics,Dominican Republic,18.3,-69.57,11,2
2,Athletics,East Timor,-8.34,125.34,2,0
2,Athletics,Ecuador,-0.14,-78.3,12,0
2,Athletics,Egypt,30.2,31.13,7,0
2,Athletics,El Salvador,13.4,-89.1,2,0
2,Athletics,Equatorial Guinea,3.45,8.48,1,0
2,Athletics,Eritrea,15.2,38.58,10,0
2,Athletics,Estonia,59.22,24.48,11,1
2,Athletics,Ethiopia,9.03,38.42,31,7
2,Athletics,Fiji,-18.08,178.25,2,0
2,Athletics,Finland,60.08,25,13,1
2,Athletics,France,48.5,2.2,51,2
2,Athletics,Gabon,0.3,9.25,2,0
2,Athletics,Gambia,13.28,-16.39,2,0
2,Athletics,Georgia,41.43,44.48,4,0
2,Athletics,Germany,52.32,13.25,74,8
2,Athletics,Ghana,5.33,-0.15,3,0
2,Athletics,Greece,38,23.44,25,0
2,Athletics,Grenada,12.04,-61.44,8,1
2,Athletics,Guam,13.28,144.45,2,0
2,Athletics,Guatemala,14.38,-90.22,6,1
2,Athletics,Guinea,9.31,-13.43,2,0
2,Athletics,Guinea-Bissau,11.52,-15.39,2,0
2,Athletics,Guyana,6.46,-58.1,3,0
2,Athletics,Haiti,18.32,-72.2,4,0
2,Athletics,Honduras,14.05,-87.14,2,0
2,Athletics,Hungary,47.3,19.03,16,1
2,Athletics,Iceland,6.09,-21.51,3,0
2,Athletics,Independent Olympic Athletes,-13.48,-171.45,2,0
2,Athletics,India,28.37,77.13,13,0
2,Athletics,Indonesia,-6.08,106.45,1,0
2,Athletics,Iran,35.4,51.26,7,1
2,Athletics,Iraq,33.2,44.26,2,0
2,Athletics,Ireland,53.2,-6.15,22,0
2,Athletics,Israel,31.47,35.13,3,0
2,Athletics,Italy,41.48,12.36,37,1
2,Athletics,Jamaica,17.58,-76.48,45,12
2,Athletics,Japan,35.4,139.45,44,1
2,Athletics,Jordan,31.57,35.56,2,0
2,Athletics,Kazakhstan,43.19,76.55,23,1
2,Athletics,Kenya,-1.17,36.49,44,11
2,Athletics,Kiribati,14.36,-61.05,2,0
2,Athletics,"Korea, North",39,125.47,5,0
2,Athletics,"Korea, South",37.3,127,17,0
2,Athletics,Kuwait,29.2,48,3,0
2,Athletics,Kyrgyzstan,40.07,71.44,2,0
2,Athletics,Laos,17.59,102.38,2,0
2,Athletics,Latvia,56.4,106.1,17,0
2,Athletics,Lebanon,33.52,35.3,2,0
2,Athletics,Lesotho,-29.19,27.29,2,0
2,Athletics,Liberia,6.18,-10.47,3,0
2,Athletics,Libya,32.54,13.11,1,0
2,Athletics,Liechtenstein,47.08,9.32,1,0
2,Athletics,Lithuania,54.4,25.19,20,0
2,Athletics,Macedonia,42,21.28,2,0
2,Athletics,Madagascar,-18.52,47.3,2,0
2,Athletics,Malawi,-13.58,33.49,2,0
2,Athletics,Malaysia,3.08,101.42,2,0
2,Athletics,Maldives,4,73.28,2,0
2,Athletics,Mali,12.4,-7.59,2,0
2,Athletics,Malta,35.54,14.32,2,0
2,Athletics,Marshall Islands,7.7,-171.4,2,0
2,Athletics,Mauritania,1.09,-15.58,2,0
2,Athletics,Mauritius,-20.1,57.3,2,0
2,Athletics,Mexico,19.25,-99.1,18,0
2,Athletics,Micronesia,14.36,-61.05,2,0
2,Athletics,Moldova,47,28.5,9,0
2,Athletics,Monaco,43.44,7.25,1,0
2,Athletics,Mongolia,47.54,106.52,2,0
2,Athletics,Montenegro,42.47,19.28,2,0
2,Athletics,Morocco,34.02,-16.51,23,1
2,Athletics,Mozambique,25.58,32.35,2,0
2,Athletics,Namibia,-22.34,17.06,3,0
2,Athletics,Nepal,27.42,85.19,2,0
2,Athletics,Netherlands,52.21,4.54,21,0
2,Athletics,New Zealand,-41.17,174.47,8,1
2,Athletics,Nicaragua,12.06,-86.18,2,0
2,Athletics,Niger,13.32,2.05,2,0
2,Athletics,Nigeria,6.27,3.28,23,0
2,Athletics,Norway,59.55,10.45,14,0
2,Athletics,Oman,23.37,58.38,3,0
2,Athletics,Pakistan,33.4,73.08,2,0
2,Athletics,Palau,7.21,134.31,2,0
2,Athletics,Palestine,31.47,35.13,2,0
2,Athletics,Panama,8.58,-79.32,3,0
2,Athletics,Papua New Guinea,-9.3,14.07,2,0
2,Athletics,Paraguay,-25.15,-57.4,2,0
2,Athletics,Peru,-12.06,-77.03,5,0
2,Athletics,Philippines,14.37,120.58,1,0
2,Athletics,Poland,52.15,21,57,2
2,Athletics,Portugal,38.44,-9.08,22,0
2,Athletics,Puerto Rico,18.28,-6.07,7,1
2,Athletics,Qatar,25.15,51.36,6,1
2,Athletics,Romania,44.25,26.07,17,0
2,Athletics,Russia,55.45,37.42,97,18
2,Athletics,Rwanda,-1.56,30.04,3,0
2,Athletics,Saint Kitts and Nevis,17.18,-62.44,7,0
2,Athletics,Saint Lucia,14.1,-60.59,2,0
2,Athletics,Saint Vincent and the Grenadines,13.1,-61.14,2,0
2,Athletics,Samoa,-13.5,-171.45,1,0
2,Athletics,San Marino,43.56,12.26,1,0
2,Athletics,Sao Tome and Principe,0.2,6.44,2,0
2,Athletics,Saudi Arabia,24.39,46.46,10,0
2,Athletics,Senegal,14.38,-17.27,6,0
2,Athletics,Serbia,44.48,20.28,11,0
2,Athletics,Seychelles,-4.38,55.28,2,0
2,Athletics,Sierra Leone,8.3,-13.17,1,0
2,Athletics,Singapore,1.18,103.5,2,0
2,Athletics,Slovakia,48.1,17.1,11,0
2,Athletics,Slovenia,46.04,14.3,11,1
2,Athletics,Solomon Islands,-9.28,159.57,2,0
2,Athletics,Somalia,2.02,45.21,2,0
2,Athletics,South Africa,-25.45,28.12,20,1
2,Athletics,Spain,40.25,-3.43,51,0
2,Athletics,Sri Lanka,6.55,79.52,2,0
2,Athletics,Sudan,15.33,32.32,4,0
2,Athletics,Suriname,5.52,-55.14,2,0
2,Athletics,Swaziland,-26.2,31.08,2,0
2,Athletics,Sweden,59.2,1.03,8,0
2,Athletics,Switzerland,46.57,7.26,13,0
2,Athletics,Syria,33.3,36.19,1,0
2,Athletics,Taiwan,25.5,121.32,6,0
2,Athletics,Tajikistan,38.38,68.51,2,0
2,Athletics,Tanzania,-6.1,35.4,4,0
2,Athletics,Thailand,13.44,100.3,2,0
2,Athletics,Togo,6.1,1.21,2,0
2,Athletics,Tonga,-21.09,-175.14,2,0
2,Athletics,Trinidad and Tobago,10.38,-61.31,26,4
2,Athletics,Tunisia,36.48,10.11,5,1
2,Athletics,Turkey,39.55,32.5,32,2
2,Athletics,Turkmenistan,37.58,58.24,2,0
2,Athletics,Tuvalu,14.36,-61.05,2,0
2,Athletics,Uganda,0.19,32.35,12,1
2,Athletics,Ukraine,50.25,30.3,74,3
2,Athletics,United Arab Emirates,24.28,54.25,2,0
2,Athletics,United Kingdom,51.3,-0.1,73,6
2,Athletics,United States,38.55,-77,117,29
2,Athletics,Uruguay,-34.53,-56.11,2,0
2,Athletics,Uzbekistan,41.16,69.13,12,0
2,Athletics,Vanuatu,-17.45,168.18,2,0
2,Athletics,Venezuela,10.35,-66.56,13,0
2,Athletics,Vietnam,21.01,105.52,2,0
2,Athletics,Virgin Islands,18.26,-64.37,2,0
2,Athletics,"Virgin Islands, US",18.21,-64.56,4,0
2,Athletics,Yemen,15.24,44.14,2,0
2,Athletics,Zambia,-15.26,28.2,3,0
2,Athletics,Zimbabwe,-17.5,31.03,2,0
3,Badminton,Australia,-35.18,149.08,5,0
3,Badminton,Austria,48.13,16.22,2,0
3,Badminton,Belarus,53.55,27.33,1,0
3,Badminton,Belgium,50.5,4.21,2,0
3,Badminton,Bulgaria,42.4,23.18,1,0
3,Badminton,Canada,45.25,-75.43,4,0
3,Badminton,China,39.55,116.26,19,8
3,Badminton,Czech Republic,50.06,14.26,2,0
3,Badminton,Denmark,55.43,12.34,9,2
3,Badminton,Egypt,30.2,31.13,1,0
3,Badminton,Estonia,59.22,24.48,1,0
3,Badminton,Finland,60.08,25,2,0
3,Badminton,France,48.5,2.2,2,0
3,Badminton,Germany,52.32,13.25,5,0
3,Badminton,Guatemala,14.38,-90.22,1,0
3,Badminton,Iceland,6.09,-21.51,1,0
3,Badminton,India,28.37,77.13,5,1
3,Badminton,Indonesia,-6.08,106.45,9,0
3,Badminton,Ireland,53.2,-6.15,2,0
3,Badminton,Italy,41.48,12.36,1,0
3,Badminton,Japan,35.4,139.45,11,1
3,Badminton,"Korea, South",37.3,127,12,1
3,Badminton,Lithuania,54.4,25.19,1,0
3,Badminton,Malaysia,3.08,101.42,6,1
3,Badminton,Maldives,4,73.28,1,0
3,Badminton,Mexico,19.25,-99.1,1,0
3,Badminton,Netherlands,52.21,4.54,1,0
3,Badminton,Norway,59.55,10.45,1,0
3,Badminton,Peru,-12.06,-77.03,2,0
3,Badminton,Poland,52.15,21,5,0
3,Badminton,Portugal,38.44,-9.08,2,0
3,Badminton,Russia,55.45,37.42,6,1
3,Badminton,Singapore,1.18,103.5,4,0
3,Badminton,Slovakia,48.1,17.1,1,0
3,Badminton,Slovenia,46.04,14.3,1,0
3,Badminton,South Africa,-25.45,28.12,4,0
3,Badminton,Spain,40.25,-3.43,2,0
3,Badminton,Sri Lanka,6.55,79.52,2,0
3,Badminton,Sweden,59.2,1.03,1,0
3,Badminton,Switzerland,46.57,7.26,1,0
3,Badminton,Taiwan,25.5,121.32,8,0
3,Badminton,Thailand,13.44,100.3,6,0
3,Badminton,Turkey,39.55,32.5,1,0
3,Badminton,Uganda,0.19,32.35,1,0
3,Badminton,Ukraine,50.25,30.3,2,0
3,Badminton,United Kingdom,51.3,-0.1,4,0
3,Badminton,United States,38.55,-77,3,0
3,Badminton,Vietnam,21.01,105.52,1,0
4,Basketball,Angola,-8.5,13.15,12,0
4,Basketball,Argentina,-34.4,-58.3,11,0
4,Basketball,Australia,-35.18,149.08,24,1
4,Basketball,Brazil,-15.45,-47.57,19,0
4,Basketball,Canada,45.25,-75.43,11,0
4,Basketball,China,39.55,116.26,20,0
4,Basketball,Croatia,45.48,15.58,12,0
4,Basketball,Czech Republic,50.06,14.26,12,0
4,Basketball,France,48.5,2.2,23,1
4,Basketball,Lithuania,54.4,25.19,12,0
4,Basketball,Nigeria,6.27,3.28,10,0
4,Basketball,Russia,55.45,37.42,23,1
4,Basketball,Spain,40.25,-3.43,11,1
4,Basketball,Tunisia,36.48,10.11,11,0
4,Basketball,Turkey,39.55,32.5,11,0
4,Basketball,United Kingdom,51.3,-0.1,24,0
4,Basketball,United States,38.55,-77,23,2
6,Boxing,Afghanistan,34.31,69.12,1,0
6,Boxing,Algeria,36.5,3,7,0
6,Boxing,Angola,-8.5,13.15,1,0
6,Boxing,Argentina,-34.4,-58.3,2,0
6,Boxing,Armenia,40.1,44.31,1,0
6,Boxing,Australia,-35.18,149.08,11,0
6,Boxing,Azerbaijan,40.22,49.53,8,2
6,Boxing,Belarus,53.55,27.33,3,0
6,Boxing,Benin,6.3,2.47,1,0
6,Boxing,Botswana,-24.45,25.55,1,0
6,Boxing,Brazil,-15.45,-47.57,10,3
6,Boxing,Bulgaria,42.4,23.18,4,1
6,Boxing,Cameroon,3.52,11.31,5,0
6,Boxing,Canada,45.25,-75.43,3,0
6,Boxing,China,39.55,116.26,8,3
6,Boxing,Colombia,4.38,-74.05,3,0
6,Boxing,"Congo, Dem Rep",-4.19,15.19,1,0
6,Boxing,Cuba,23.07,-82.25,7,4
6,Boxing,Czech Republic,50.06,14.26,1,0
6,Boxing,Denmark,55.43,12.34,1,0
6,Boxing,Dominican Republic,18.3,-69.57,3,0
6,Boxing,Ecuador,-0.14,-78.3,7,0
6,Boxing,Egypt,30.2,31.13,5,0
6,Boxing,France,48.5,2.2,4,0
6,Boxing,Gabon,0.3,9.25,2,0
6,Boxing,Germany,52.32,13.25,4,0
6,Boxing,Ghana,5.33,-0.15,3,0
6,Boxing,Honduras,14.05,-87.14,1,0
6,Boxing,Hungary,47.3,19.03,3,0
6,Boxing,India,28.37,77.13,8,1
6,Boxing,Iran,35.4,51.26,3,0
6,Boxing,Iraq,33.2,44.26,1,0
6,Boxing,Ireland,53.2,-6.15,5,4
6,Boxing,Italy,41.48,12.36,7,3
6,Boxing,Japan,35.4,139.45,4,2
6,Boxing,Jordan,31.57,35.56,1,0
6,Boxing,Kazakhstan,43.19,76.55,11,4
6,Boxing,Kenya,-1.17,36.49,2,0
6,Boxing,"Korea, North",39,125.47,2,0
6,Boxing,"Korea, South",37.3,127,2,1
6,Boxing,Lithuania,54.4,25.19,2,1
6,Boxing,Mauritius,-20.1,57.3,2,0
6,Boxing,Mexico,19.25,-99.1,2,0
6,Boxing,Moldova,47,28.5,1,0
6,Boxing,Mongolia,47.54,106.52,4,2
6,Boxing,Montenegro,42.47,19.28,1,0
6,Boxing,Morocco,34.02,-16.51,8,0
6,Boxing,Mozambique,25.58,32.35,1,0
6,Boxing,Namibia,-22.34,17.06,2,0
6,Boxing,New Zealand,-41.17,174.47,2,0
6,Boxing,Nicaragua,12.06,-86.18,1,0
6,Boxing,Niger,13.32,2.05,1,0
6,Boxing,Nigeria,6.27,3.28,3,0
6,Boxing,Panama,8.58,-79.32,1,0
6,Boxing,Philippines,14.37,120.58,1,0
6,Boxing,Poland,52.15,21,1,0
6,Boxing,Puerto Rico,18.28,-6.07,5,0
6,Boxing,Romania,44.25,26.07,2,0
6,Boxing,Russia,55.45,37.42,9,6
6,Boxing,Serbia,44.48,20.28,1,0
6,Boxing,Seychelles,-4.38,55.28,1,0
6,Boxing,South Africa,-25.45,28.12,2,0
6,Boxing,Spain,40.25,-3.43,2,0
6,Boxing,Sweden,59.2,1.03,3,0
6,Boxing,Syria,33.3,36.19,1,0
6,Boxing,Tajikistan,38.38,68.51,4,1
6,Boxing,Tanzania,-6.1,35.4,1,0
6,Boxing,Thailand,13.44,100.3,3,1
6,Boxing,Trinidad and Tobago,10.38,-61.31,1,0
6,Boxing,Tunisia,36.48,10.11,4,0
6,Boxing,Turkey,39.55,32.5,6,0
6,Boxing,Turkmenistan,37.58,58.24,2,0
6,Boxing,Ukraine,50.25,30.3,6,5
6,Boxing,United Kingdom,51.3,-0.1,9,5
6,Boxing,United States,38.55,-77,12,2
6,Boxing,Uzbekistan,41.16,69.13,4,1
6,Boxing,Venezuela,10.35,-66.56,3,0
6,Boxing,Zambia,-15.26,28.2,1,0
9,Diving,Australia,-35.18,149.08,9,1
9,Diving,Belarus,53.55,27.33,2,0
9,Diving,Brazil,-15.45,-47.57,3,0
9,Diving,Canada,45.25,-75.43,9,2
9,Diving,China,39.55,116.26,11,10
9,Diving,Colombia,4.38,-74.05,2,0
9,Diving,Cuba,23.07,-82.25,3,0
9,Diving,France,48.5,2.2,5,0
9,Diving,Germany,52.32,13.25,8,0
9,Diving,Greece,38,23.44,1,0
9,Diving,Hungary,47.3,19.03,2,0
9,Diving,Italy,41.48,12.36,8,0
9,Diving,Japan,35.4,139.45,1,0
9,Diving,"Korea, North",39,125.47,3,0
9,Diving,"Korea, South",37.3,127,2,0
9,Diving,Malaysia,3.08,101.42,8,1
9,Diving,Mexico,19.25,-99.1,10,3
9,Diving,Norway,59.55,10.45,1,0
9,Diving,Russia,55.45,37.42,7,2
9,Diving,Spain,40.25,-3.43,2,0
9,Diving,Sweden,59.2,1.03,2,0
9,Diving,Ukraine,50.25,30.3,9,0
9,Diving,United Kingdom,51.3,-0.1,11,1
9,Diving,United States,38.55,-77,11,4
9,Diving,Venezuela,10.35,-66.56,3,0
10,Equestrian,Argentina,-34.4,-58.3,2,0
10,Equestrian,Australia,-35.18,149.08,11,0
10,Equestrian,Austria,48.13,16.22,3,0
10,Equestrian,Belarus,53.55,27.33,2,0
10,Equestrian,Belgium,50.5,4.21,10,0
10,Equestrian,Bermuda,32.18,-64.48,1,0
10,Equestrian,Brazil,-15.45,-47.57,5,0
10,Equestrian,Canada,45.25,-75.43,12,0
10,Equestrian,Chile,-50.46,-75.26,4,0
10,Equestrian,Colombia,4.38,-74.05,2,0
10,Equestrian,Denmark,55.43,12.34,4,0
10,Equestrian,Ecuador,-0.14,-78.3,1,0
10,Equestrian,Egypt,30.2,31.13,1,0
10,Equestrian,Finland,60.08,25,2,0
10,Equestrian,France,48.5,2.2,10,0
10,Equestrian,Germany,52.32,13.25,13,4
10,Equestrian,Ireland,53.2,-6.15,8,1
10,Equestrian,Italy,41.48,12.36,2,0
10,Equestrian,Jamaica,17.58,-76.48,1,0
10,Equestrian,Japan,35.4,139.45,8,0
10,Equestrian,Jordan,31.57,35.56,1,0
10,Equestrian,Mexico,19.25,-99.1,4,0
10,Equestrian,Netherlands,52.21,4.54,11,4
10,Equestrian,New Zealand,-41.17,174.47,6,1
10,Equestrian,Norway,59.55,10.45,1,0
10,Equestrian,Poland,52.15,21,3,0
10,Equestrian,Portugal,38.44,-9.08,2,0
10,Equestrian,Russia,55.45,37.42,3,0
10,Equestrian,Saudi Arabia,24.39,46.46,4,1
10,Equestrian,South Africa,-25.45,28.12,1,0
10,Equestrian,Spain,40.25,-3.43,4,0
10,Equestrian,Sweden,59.2,1.03,12,1
10,Equestrian,Switzerland,46.57,7.26,4,1
10,Equestrian,Syria,33.3,36.19,1,0
10,Equestrian,Thailand,13.44,100.3,1,0
10,Equestrian,Ukraine,50.25,30.3,5,0
10,Equestrian,United Kingdom,51.3,-0.1,13,5
10,Equestrian,United States,38.55,-77,13,0
11,Fencing,Algeria,36.5,3,2,0
11,Fencing,Argentina,-34.4,-58.3,1,0
11,Fencing,Austria,48.13,16.22,1,0
11,Fencing,Azerbaijan,40.22,49.53,1,0
11,Fencing,Belarus,53.55,27.33,4,0
11,Fencing,Brazil,-15.45,-47.57,3,0
11,Fencing,Bulgaria,42.4,23.18,1,0
11,Fencing,Canada,45.25,-75.43,5,0
11,Fencing,Chile,-50.46,-75.26,2,0
11,Fencing,China,39.55,116.26,19,3
11,Fencing,Colombia,4.38,-74.05,1,0
11,Fencing,Croatia,45.48,15.58,1,0
11,Fencing,Egypt,30.2,31.13,12,1
11,Fencing,Estonia,59.22,24.48,1,0
11,Fencing,France,48.5,2.2,13,0
11,Fencing,Germany,52.32,13.25,15,2
11,Fencing,Greece,38,23.44,1,0
11,Fencing,Hungary,47.3,19.03,2,1
11,Fencing,Indonesia,-6.08,106.45,1,0
11,Fencing,Iran,35.4,51.26,1,0
11,Fencing,Italy,41.48,12.36,19,7
11,Fencing,Japan,35.4,139.45,10,1
11,Fencing,Kazakhstan,43.19,76.55,2,0
11,Fencing,"Korea, South",37.3,127,17,6
11,Fencing,Lebanon,33.52,35.3,2,0
11,Fencing,Malaysia,3.08,101.42,1,0
11,Fencing,Mexico,19.25,-99.1,2,0
11,Fencing,Morocco,34.02,-16.51,2,0
11,Fencing,Netherlands,52.21,4.54,1,0
11,Fencing,Norway,59.55,10.45,1,1
11,Fencing,Poland,52.15,21,7,0
11,Fencing,Romania,44.25,26.07,10,1
11,Fencing,Russia,55.45,37.42,19,3
11,Fencing,Senegal,14.38,-17.27,1,0
11,Fencing,Switzerland,46.57,7.26,2,0
11,Fencing,Taiwan,25.5,121.32,1,0
11,Fencing,Tunisia,36.48,10.11,6,0
11,Fencing,Ukraine,50.25,30.3,7,2
11,Fencing,United Kingdom,51.3,-0.1,10,0
11,Fencing,United States,38.55,-77,20,1
11,Fencing,Uzbekistan,41.16,69.13,1,0
11,Fencing,Venezuela,10.35,-66.56,6,1
11,Fencing,Vietnam,21.01,105.52,1,0
12,Football,Belarus,53.55,27.33,21,0
12,Football,Brazil,-15.45,-47.57,41,1
12,Football,Cameroon,3.52,11.31,22,0
12,Football,Canada,45.25,-75.43,22,1
12,Football,Colombia,4.38,-74.05,21,0
12,Football,Egypt,30.2,31.13,21,0
12,Football,France,48.5,2.2,22,0
12,Football,Gabon,0.3,9.25,22,0
12,Football,Honduras,14.05,-87.14,21,0
12,Football,Japan,35.4,139.45,44,1
12,Football,"Korea, North",39,125.47,22,0
12,Football,"Korea, South",37.3,127,22,1
12,Football,Mexico,19.25,-99.1,21,1
12,Football,Morocco,34.02,-16.51,22,0
12,Football,New Zealand,-41.17,174.47,43,0
12,Football,Senegal,14.38,-17.27,22,0
12,Football,South Africa,-25.45,28.12,22,0
12,Football,Spain,40.25,-3.43,19,0
12,Football,Sweden,59.2,1.03,22,0
12,Football,Switzerland,46.57,7.26,22,0
12,Football,United Arab Emirates,24.28,54.25,21,0
12,Football,United Kingdom,51.3,-0.1,39,0
12,Football,United States,38.55,-77,21,1
12,Football,Uruguay,-34.53,-56.11,21,0
14,Handball,Angola,-8.5,13.15,14,0
14,Handball,Argentina,-34.4,-58.3,13,0
14,Handball,Brazil,-15.45,-47.57,11,0
14,Handball,Croatia,45.48,15.58,27,1
14,Handball,Denmark,55.43,12.34,28,0
14,Handball,France,48.5,2.2,28,1
14,Handball,Hungary,47.3,19.03,14,0
14,Handball,Iceland,6.09,-21.51,13,0
14,Handball,"Korea, South",37.3,127,27,0
14,Handball,Montenegro,42.47,19.28,12,1
14,Handball,Norway,59.55,10.45,14,1
14,Handball,Russia,55.45,37.42,12,0
14,Handball,Serbia,44.48,20.28,16,0
14,Handball,Spain,40.25,-3.43,23,1
14,Handball,Sweden,59.2,1.03,26,1
14,Handball,Tunisia,36.48,10.11,13,0
14,Handball,United Kingdom,51.3,-0.1,28,0
15,Hockey,Argentina,-34.4,-58.3,35,1
15,Hockey,Australia,-35.18,149.08,34,1
15,Hockey,Belgium,50.5,4.21,34,0
15,Hockey,China,39.55,116.26,16,0
15,Hockey,Germany,52.32,13.25,34,1
15,Hockey,India,28.37,77.13,17,0
15,Hockey,Japan,35.4,139.45,18,0
15,Hockey,"Korea, South",37.3,127,36,0
15,Hockey,Netherlands,52.21,4.54,36,2
15,Hockey,New Zealand,-41.17,174.47,36,0
15,Hockey,Pakistan,33.4,73.08,16,0
15,Hockey,South Africa,-25.45,28.12,34,0
15,Hockey,Spain,40.25,-3.43,18,0
15,Hockey,United Kingdom,51.3,-0.1,34,1
15,Hockey,United States,38.55,-77,18,0
16,Judo,Afghanistan,34.31,69.12,1,0
16,Judo,Albania,41.2,19.49,1,0
16,Judo,Algeria,36.5,3,2,0
16,Judo,American Samoa,-14.16,-170.43,1,0
16,Judo,Andorra,42.3,1.3,1,0
16,Judo,Angola,-8.5,13.15,1,0
16,Judo,Argentina,-34.4,-58.3,4,0
16,Judo,Armenia,40.1,44.31,2,0
16,Judo,Aruba,12.32,-70.02,1,0
16,Judo,Australia,-35.18,149.08,6,0
16,Judo,Austria,48.13,16.22,3,0
16,Judo,Azerbaijan,40.22,49.53,8,0
16,Judo,Barbados,13.06,-59.37,1,0
16,Judo,Belarus,53.55,27.33,2,0
16,Judo,Belgium,50.5,4.21,5,1
16,Judo,Belize,17.13,-88.48,1,0
16,Judo,Benin,6.3,2.47,1,0
16,Judo,Bosnia and Herzegovina,43.52,18.25,1,0
16,Judo,Brazil,-15.45,-47.57,14,4
16,Judo,Bulgaria,42.4,23.18,1,0
16,Judo,Burkina Faso,12.22,-1.31,1,0
16,Judo,Burma,16.47,96.1,1,0
16,Judo,Burundi,-3.22,29.19,1,0
16,Judo,Cambodia,11.35,104.55,1,0
16,Judo,Cameroon,3.52,11.31,1,0
16,Judo,Canada,45.25,-75.43,7,1
16,Judo,Cape Verde,39.03,-27.59,1,0
16,Judo,Chad,12.1,14.59,1,0
16,Judo,Chile,-50.46,-75.26,1,0
16,Judo,China,39.55,116.26,8,2
16,Judo,Colombia,4.38,-74.05,2,1
16,Judo,"Congo, Dem Rep",-4.19,15.19,1,0
16,Judo,Costa Rica,9.59,-84.04,1,0
16,Judo,Cote d'Ivoire,6.51,-5.18,1,0
16,Judo,Croatia,45.48,15.58,2,0
16,Judo,Cuba,23.07,-82.25,9,3
16,Judo,Czech Republic,50.06,14.26,3,0
16,Judo,Dominican Republic,18.3,-69.57,1,0
16,Judo,Ecuador,-0.14,-78.3,1,0
16,Judo,Egypt,30.2,31.13,5,0
16,Judo,El Salvador,13.4,-89.1,1,0
16,Judo,Estonia,59.22,24.48,1,0
16,Judo,Fiji,-18.08,178.25,1,0
16,Judo,Finland,60.08,25,3,0
16,Judo,France,48.5,2.2,14,7
16,Judo,Gabon,0.3,9.25,1,0
16,Judo,Georgia,41.43,44.48,6,1
16,Judo,Germany,52.32,13.25,11,4
16,Judo,Ghana,5.33,-0.15,1,0
16,Judo,Greece,38,23.44,2,1
16,Judo,Guam,13.28,144.45,1,0
16,Judo,Guatemala,14.38,-90.22,1,0
16,Judo,Guinea,9.31,-13.43,1,0
16,Judo,Guyana,6.46,-58.1,1,0
16,Judo,Haiti,18.32,-72.2,1,0
16,Judo,Honduras,14.05,-87.14,1,0
16,Judo,Hungary,47.3,19.03,8,2
16,Judo,Iceland,6.09,-21.51,1,0
16,Judo,Independent Olympic Athletes,-13.48,-171.45,1,0
16,Judo,India,28.37,77.13,1,0
16,Judo,Indonesia,-6.08,106.45,1,0
16,Judo,Ireland,53.2,-6.15,1,0
16,Judo,Israel,31.47,35.13,5,0
16,Judo,Italy,41.48,12.36,9,1
16,Judo,Japan,35.4,139.45,13,7
16,Judo,Kazakhstan,43.19,76.55,9,0
16,Judo,"Korea, North",39,125.47,1,1
16,Judo,"Korea, South",37.3,127,14,3
16,Judo,Kyrgyzstan,40.07,71.44,2,0
16,Judo,Latvia,56.4,106.1,2,0
16,Judo,Lebanon,33.52,35.3,1,0
16,Judo,Liberia,6.18,-10.47,1,0
16,Judo,Libya,32.54,13.11,1,0
16,Judo,Lithuania,54.4,25.19,2,0
16,Judo,Luxembourg,49.37,6.08,1,0
16,Judo,Madagascar,-18.52,47.3,1,0
16,Judo,Mali,12.4,-7.59,1,0
16,Judo,Mauritius,-20.1,57.3,1,0
16,Judo,Mexico,19.25,-99.1,2,0
16,Judo,Moldova,47,28.5,2,0
16,Judo,Monaco,43.44,7.25,1,0
16,Judo,Mongolia,47.54,106.52,9,2
16,Judo,Montenegro,42.47,19.28,1,0
16,Judo,Morocco,34.02,-16.51,4,0
16,Judo,Mozambique,25.58,32.35,1,0
16,Judo,Nauru,-32.52,166.55,1,0
16,Judo,Netherlands,52.21,4.54,8,2
16,Judo,New Zealand,-41.17,174.47,1,0
16,Judo,Niger,13.32,2.05,1,0
16,Judo,Palau,7.21,134.31,1,0
16,Judo,Palestine,31.47,35.13,1,0
16,Judo,Panama,8.58,-79.32,1,0
16,Judo,Papua New Guinea,-9.3,14.07,1,0
16,Judo,Paraguay,-25.15,-57.4,1,0
16,Judo,Peru,-12.06,-77.03,1,0
16,Judo,Philippines,14.37,120.58,1,0
16,Judo,Poland,52.15,21,6,0
16,Judo,Portugal,38.44,-9.08,2,0
16,Judo,Puerto Rico,18.28,-6.07,1,0
16,Judo,Romania,44.25,26.07,6,2
16,Judo,Russia,55.45,37.42,12,5
16,Judo,Samoa,-13.5,-171.45,1,0
16,Judo,Saudi Arabia,24.39,46.46,2,0
16,Judo,Senegal,14.38,-17.27,1,0
16,Judo,Serbia,44.48,20.28,1,0
16,Judo,Seychelles,-4.38,55.28,1,0
16,Judo,Slovenia,46.04,14.3,7,1
16,Judo,Solomon Islands,-9.28,159.57,1,0
16,Judo,South Africa,-25.45,28.12,1,0
16,Judo,Spain,40.25,-3.43,5,0
16,Judo,Sweden,59.2,1.03,1,0
16,Judo,Switzerland,46.57,7.26,1,0
16,Judo,Taiwan,25.5,121.32,1,0
16,Judo,Tajikistan,38.38,68.51,1,0
16,Judo,Thailand,13.44,100.3,1,0
16,Judo,Togo,6.1,1.21,1,0
16,Judo,Tunisia,36.48,10.11,4,0
16,Judo,Turkey,39.55,32.5,2,0
16,Judo,Turkmenistan,37.58,58.24,1,0
16,Judo,Ukraine,50.25,30.3,9,0
16,Judo,United Arab Emirates,24.28,54.25,1,0
16,Judo,United Kingdom,51.3,-0.1,13,2
16,Judo,United States,38.55,-77,4,2
16,Judo,Uruguay,-34.53,-56.11,1,0
16,Judo,Uzbekistan,41.16,69.13,5,1
16,Judo,Vanuatu,-17.45,168.18,1,0
16,Judo,Venezuela,10.35,-66.56,3,0
16,Judo,Vietnam,21.01,105.52,1,0
16,Judo,Yemen,15.24,44.14,1,0
16,Judo,Zambia,-15.26,28.2,1,0
18,Rowing,Algeria,36.5,3,1,0
18,Rowing,Argentina,-34.4,-58.3,10,0
18,Rowing,Australia,-35.18,149.08,45,5
18,Rowing,Azerbaijan,40.22,49.53,2,0
18,Rowing,Belarus,53.55,27.33,4,0
18,Rowing,Belgium,50.5,4.21,1,0
18,Rowing,Brazil,-15.45,-47.57,4,0
18,Rowing,Burma,16.47,96.1,1,0
18,Rowing,Cameroon,3.52,11.31,1,0
18,Rowing,Canada,45.25,-75.43,30,2
18,Rowing,China,39.55,116.26,17,1
18,Rowing,Croatia,45.48,15.58,5,1
18,Rowing,Cuba,23.07,-82.25,6,0
18,Rowing,Czech Republic,50.06,14.26,12,2
18,Rowing,Denmark,55.43,12.34,9,3
18,Rowing,Egypt,30.2,31.13,5,0
18,Rowing,El Salvador,13.4,-89.1,2,0
18,Rowing,Estonia,59.22,24.48,4,0
18,Rowing,France,48.5,2.2,14,1
18,Rowing,Germany,52.32,13.25,48,3
18,Rowing,Greece,38,23.44,10,1
18,Rowing,Hungary,47.3,19.03,3,0
18,Rowing,India,28.37,77.13,3,0
18,Rowing,Iran,35.4,51.26,2,0
18,Rowing,Ireland,53.2,-6.15,1,0
18,Rowing,Italy,41.48,12.36,19,1
18,Rowing,Japan,35.4,139.45,5,0
18,Rowing,Kazakhstan,43.19,76.55,2,0
18,Rowing,"Korea, South",37.3,127,4,0
18,Rowing,Lithuania,54.4,25.19,4,0
18,Rowing,Mexico,19.25,-99.1,2,0
18,Rowing,Monaco,43.44,7.25,1,0
18,Rowing,Netherlands,52.21,4.54,32,1
18,Rowing,New Zealand,-41.17,174.47,23,5
18,Rowing,Niger,13.32,2.05,1,0
18,Rowing,Norway,59.55,10.45,4,0
18,Rowing,Paraguay,-25.15,-57.4,1,0
18,Rowing,Peru,-12.06,-77.03,1,0
18,Rowing,Poland,52.15,21,22,1
18,Rowing,Portugal,38.44,-9.08,2,0
18,Rowing,Romania,44.25,26.07,14,0
18,Rowing,Russia,55.45,37.42,5,0
18,Rowing,Serbia,44.48,20.28,5,0
18,Rowing,Slovenia,46.04,14.3,2,1
18,Rowing,South Africa,-25.45,28.12,6,1
18,Rowing,Sweden,59.2,1.03,2,0
18,Rowing,Switzerland,46.57,7.26,8,0
18,Rowing,Taiwan,25.5,121.32,1,0
18,Rowing,Tunisia,36.48,10.11,2,0
18,Rowing,Ukraine,50.25,30.3,21,1
18,Rowing,United Kingdom,51.3,-0.1,46,9
18,Rowing,United States,38.55,-77,43,3
18,Rowing,Uruguay,-34.53,-56.11,2,0
18,Rowing,Vietnam,21.01,105.52,2,0
18,Rowing,Zimbabwe,-17.5,31.03,2,0
19,Sailing,Argentina,-34.4,-58.3,7,0
19,Sailing,Australia,-35.18,149.08,13,4
19,Sailing,Austria,48.13,16.22,8,0
19,Sailing,Belarus,53.55,27.33,1,0
19,Sailing,Belgium,50.5,4.21,3,0
19,Sailing,Bermuda,32.18,-64.48,2,0
19,Sailing,Brazil,-15.45,-47.57,9,0
19,Sailing,Bulgaria,42.4,23.18,2,0
19,Sailing,Canada,45.25,-75.43,10,0
19,Sailing,Chile,-50.46,-75.26,3,0
19,Sailing,China,39.55,116.26,11,1
19,Sailing,Colombia,4.38,-74.05,2,0
19,Sailing,Cook Islands,-21.12,-159.46,1,0
19,Sailing,Croatia,45.48,15.58,12,0
19,Sailing,Cyprus,35.09,33.21,2,1
19,Sailing,Czech Republic,50.06,14.26,4,0
19,Sailing,Denmark,55.43,12.34,13,2
19,Sailing,Egypt,30.2,31.13,1,0
19,Sailing,Estonia,59.22,24.48,4,0
19,Sailing,Finland,60.08,25,11,2
19,Sailing,France,48.5,2.2,15,0
19,Sailing,Germany,52.32,13.25,11,0
19,Sailing,Greece,38,23.44,11,0
19,Sailing,Guatemala,14.38,-90.22,2,0
19,Sailing,Hungary,47.3,19.03,3,0
19,Sailing,Independent Olympic Athletes,-13.48,-171.45,1,0
19,Sailing,Ireland,53.2,-6.15,8,0
19,Sailing,Israel,31.47,35.13,7,0
19,Sailing,Italy,41.48,12.36,11,0
19,Sailing,Japan,35.4,139.45,8,0
19,Sailing,"Korea, South",37.3,127,4,0
19,Sailing,Kyrgyzstan,40.07,71.44,1,0
19,Sailing,Lithuania,54.4,25.19,3,0
19,Sailing,Malaysia,3.08,101.42,1,0
19,Sailing,Mexico,19.25,-99.1,3,0
19,Sailing,Monaco,43.44,7.25,1,0
19,Sailing,Montenegro,42.47,19.28,1,0
19,Sailing,Netherlands,52.21,4.54,11,3
19,Sailing,New Zealand,-41.17,174.47,13,2
19,Sailing,Norway,59.55,10.45,6,0
19,Sailing,Peru,-12.06,-77.03,1,0
19,Sailing,Poland,52.15,21,9,0
19,Sailing,Portugal,38.44,-9.08,12,0
19,Sailing,Russia,55.45,37.42,8,0
19,Sailing,Saint Lucia,14.1,-60.59,1,0
19,Sailing,Singapore,1.18,103.5,2,0
19,Sailing,Slovenia,46.04,14.3,4,0
19,Sailing,South Africa,-25.45,28.12,2,0
19,Sailing,Spain,40.25,-3.43,12,2
19,Sailing,Sweden,59.2,1.03,13,2
19,Sailing,Switzerland,46.57,7.26,6,0
19,Sailing,Taiwan,25.5,121.32,1,0
19,Sailing,Thailand,13.44,100.3,3,0
19,Sailing,Trinidad and Tobago,10.38,-61.31,1,0
19,Sailing,Tunisia,36.48,10.11,1,0
19,Sailing,Turkey,39.55,32.5,5,0
19,Sailing,Ukraine,50.25,30.3,4,0
19,Sailing,United Kingdom,51.3,-0.1,16,5
19,Sailing,United States,38.55,-77,13,0
19,Sailing,Uruguay,-34.53,-56.11,2,0
19,Sailing,Venezuela,10.35,-66.56,2,0
19,Sailing,"Virgin Islands, US",18.21,-64.56,2,0
20,Shooting,Albania,41.2,19.49,1,0
20,Shooting,Argentina,-34.4,-58.3,2,0
20,Shooting,Armenia,40.1,44.31,1,0
20,Shooting,Australia,-35.18,149.08,17,0
20,Shooting,Austria,48.13,16.22,4,0
20,Shooting,Azerbaijan,40.22,49.53,1,0
20,Shooting,Bahrain,26.12,50.38,1,0
20,Shooting,Bangladesh,23.42,90.22,1,0
20,Shooting,Belarus,53.55,27.33,8,1
20,Shooting,Belgium,50.5,4.21,1,1
20,Shooting,Bhutan,27.32,89.43,1,0
20,Shooting,Bolivia,-16.3,-68.1,1,0
20,Shooting,Bosnia and Herzegovina,43.52,18.25,1,0
20,Shooting,Brazil,-15.45,-47.57,2,0
20,Shooting,Bulgaria,42.4,23.18,4,0
20,Shooting,Burma,16.47,96.1,1,0
20,Shooting,Canada,45.25,-75.43,2,0
20,Shooting,Chile,-50.46,-75.26,1,0
20,Shooting,China,39.55,116.26,22,7
20,Shooting,Colombia,4.38,-74.05,1,0
20,Shooting,Croatia,45.48,15.58,5,1
20,Shooting,Cuba,23.07,-82.25,3,1
20,Shooting,Cyprus,35.09,33.21,3,0
20,Shooting,Czech Republic,50.06,14.26,8,1
20,Shooting,Denmark,55.43,12.34,5,1
20,Shooting,Ecuador,-0.14,-78.3,1,0
20,Shooting,Egypt,30.2,31.13,7,0
20,Shooting,El Salvador,13.4,-89.1,1,0
20,Shooting,Estonia,59.22,24.48,1,0
20,Shooting,Fiji,-18.08,178.25,1,0
20,Shooting,Finland,60.08,25,4,0
20,Shooting,France,48.5,2.2,13,2
20,Shooting,Georgia,41.43,44.48,1,0
20,Shooting,Germany,52.32,13.25,17,0
20,Shooting,Greece,38,23.44,3,0
20,Shooting,Guatemala,14.38,-90.22,2,0
20,Shooting,Honduras,14.05,-87.14,1,0
20,Shooting,Hungary,47.3,19.03,3,0
20,Shooting,Iceland,6.09,-21.51,1,0
20,Shooting,India,28.37,77.13,10,2
20,Shooting,Indonesia,-6.08,106.45,1,0
20,Shooting,Iran,35.4,51.26,3,0
20,Shooting,Iraq,33.2,44.26,1,0
20,Shooting,Ireland,53.2,-6.15,1,0
20,Shooting,Israel,31.47,35.13,1,0
20,Shooting,Italy,41.48,12.36,15,5
20,Shooting,Japan,35.4,139.45,4,0
20,Shooting,Kazakhstan,43.19,76.55,3,0
20,Shooting,"Korea, North",39,125.47,1,0
20,Shooting,"Korea, South",37.3,127,13,5
20,Shooting,Kuwait,29.2,48,4,1
20,Shooting,Kyrgyzstan,40.07,71.44,1,0
20,Shooting,Latvia,56.4,106.1,1,0
20,Shooting,Lebanon,33.52,35.3,1,0
20,Shooting,Lithuania,54.4,25.19,1,0
20,Shooting,Luxembourg,49.37,6.08,1,0
20,Shooting,Malaysia,3.08,101.42,1,0
20,Shooting,Malta,35.54,14.32,1,0
20,Shooting,Mexico,19.25,-99.1,4,0
20,Shooting,Moldova,47,28.5,1,0
20,Shooting,Mongolia,47.54,106.52,2,0
20,Shooting,Montenegro,42.47,19.28,1,0
20,Shooting,Morocco,34.02,-16.51,1,0
20,Shooting,Namibia,-22.34,17.06,1,0
20,Shooting,Netherlands,52.21,4.54,1,0
20,Shooting,Norway,59.55,10.45,6,0
20,Shooting,Oman,23.37,58.38,1,0
20,Shooting,Pakistan,33.4,73.08,1,0
20,Shooting,Peru,-12.06,-77.03,1,0
20,Shooting,Philippines,14.37,120.58,1,0
20,Shooting,Poland,52.15,21,4,1
20,Shooting,Portugal,38.44,-9.08,2,0
20,Shooting,Qatar,25.15,51.36,3,1
20,Shooting,Romania,44.25,26.07,2,1
20,Shooting,Russia,55.45,37.42,18,1
20,Shooting,San Marino,43.56,12.26,1,0
20,Shooting,Saudi Arabia,24.39,46.46,1,0
20,Shooting,Serbia,44.48,20.28,8,2
20,Shooting,Singapore,1.18,103.5,1,0
20,Shooting,Slovakia,48.1,17.1,6,2
20,Shooting,Slovenia,46.04,14.3,3,1
20,Shooting,South Africa,-25.45,28.12,1,0
20,Shooting,Spain,40.25,-3.43,8,0
20,Shooting,Sri Lanka,6.55,79.52,1,0
20,Shooting,Sweden,59.2,1.03,4,1
20,Shooting,Switzerland,46.57,7.26,7,0
20,Shooting,Syria,33.3,36.19,1,0
20,Shooting,Taiwan,25.5,121.32,3,0
20,Shooting,Tajikistan,38.38,68.51,1,0
20,Shooting,Thailand,13.44,100.3,4,0
20,Shooting,Trinidad and Tobago,10.38,-61.31,1,0
20,Shooting,Tunisia,36.48,10.11,1,0
20,Shooting,Turkey,39.55,32.5,4,0
20,Shooting,Ukraine,50.25,30.3,8,2
20,Shooting,United Arab Emirates,24.28,54.25,3,0
20,Shooting,United Kingdom,51.3,-0.1,11,1
20,Shooting,United States,38.55,-77,18,4
20,Shooting,Uruguay,-34.53,-56.11,1,0
20,Shooting,Uzbekistan,41.16,69.13,1,0
20,Shooting,Venezuela,10.35,-66.56,1,0
20,Shooting,Vietnam,21.01,105.52,2,0
21,Swimming,Albania,41.2,19.49,2,0
21,Swimming,Algeria,36.5,3,1,0
21,Swimming,American Samoa,-14.16,-170.43,2,0
21,Swimming,Andorra,42.3,1.3,1,0
21,Swimming,Angola,-8.5,13.15,1,0
21,Swimming,Antigua and Barbuda,17.08,-61.5,1,0
21,Swimming,Argentina,-34.4,-58.3,4,0
21,Swimming,Armenia,40.1,44.31,2,0
21,Swimming,Aruba,12.32,-70.02,2,0
21,Swimming,Australia,-35.18,149.08,46,10
21,Swimming,Austria,48.13,16.22,11,0
21,Swimming,Azerbaijan,40.22,49.53,2,0
21,Swimming,Bahamas,25.05,-77.2,1,0
21,Swimming,Bahrain,26.12,50.38,2,0
21,Swimming,Bangladesh,23.42,90.22,1,0
21,Swimming,Barbados,13.06,-59.37,1,0
21,Swimming,Belarus,53.55,27.33,7,2
21,Swimming,Belgium,50.5,4.21,11,0
21,Swimming,Benin,6.3,2.47,1,0
21,Swimming,Bermuda,32.18,-64.48,1,0
21,Swimming,Bolivia,-16.3,-68.1,1,0
21,Swimming,Bosnia and Herzegovina,43.52,18.25,2,0
21,Swimming,Brazil,-15.45,-47.57,19,2
21,Swimming,Brunei,4.56,114.58,1,0
21,Swimming,Bulgaria,42.4,23.18,4,0
21,Swimming,Burkina Faso,12.22,-1.31,2,0
21,Swimming,Burundi,-3.22,29.19,1,0
21,Swimming,Cambodia,11.35,104.55,2,0
21,Swimming,Cameroon,3.52,11.31,2,0
21,Swimming,Canada,45.25,-75.43,33,3
21,Swimming,Cayman Islands,19.2,-81.24,2,0
21,Swimming,Central African Republic,4.23,18.37,1,0
21,Swimming,Chile,-50.46,-75.26,1,0
21,Swimming,China,39.55,116.26,50,10
21,Swimming,Colombia,4.38,-74.05,2,0
21,Swimming,Comoros,-11.4,43.16,1,0
21,Swimming,Congo,-4.14,15.14,2,0
21,Swimming,Cook Islands,-21.12,-159.46,2,0
21,Swimming,Costa Rica,9.59,-84.04,2,0
21,Swimming,Cote d'Ivoire,6.51,-5.18,2,0
21,Swimming,Croatia,45.48,15.58,4,0
21,Swimming,Cuba,23.07,-82.25,2,0
21,Swimming,Czech Republic,50.06,14.26,7,0
21,Swimming,Denmark,55.43,12.34,10,0
21,Swimming,Djibouti,11.3,4.06,1,0
21,Swimming,Dominican Republic,18.3,-69.57,2,0
21,Swimming,Ecuador,-0.14,-78.3,3,0
21,Swimming,Egypt,30.2,31.13,3,0
21,Swimming,El Salvador,13.4,-89.1,2,0
21,Swimming,Estonia,59.22,24.48,2,0
21,Swimming,Ethiopia,9.03,38.42,2,0
21,Swimming,Fiji,-18.08,178.25,2,0
21,Swimming,Finland,60.08,25,7,0
21,Swimming,France,48.5,2.2,30,7
21,Swimming,Georgia,41.43,44.48,1,0
21,Swimming,Germany,52.32,13.25,30,1
21,Swimming,Greece,38,23.44,13,0
21,Swimming,Grenada,12.04,-61.44,1,0
21,Swimming,Guam,13.28,144.45,3,0
21,Swimming,Guatemala,14.38,-90.22,1,0
21,Swimming,Guinea,9.31,-13.43,1,0
21,Swimming,Guyana,6.46,-58.1,1,0
21,Swimming,Honduras,14.05,-87.14,2,0
21,Swimming,Hungary,47.3,19.03,28,3
21,Swimming,Iceland,6.09,-21.51,6,0
21,Swimming,India,28.37,77.13,1,0
21,Swimming,Indonesia,-6.08,106.45,1,0
21,Swimming,Iran,35.4,51.26,1,0
21,Swimming,Iraq,33.2,44.26,1,0
21,Swimming,Ireland,53.2,-6.15,4,0
21,Swimming,Israel,31.47,35.13,5,0
21,Swimming,Italy,41.48,12.36,34,1
21,Swimming,Jamaica,17.58,-76.48,1,0
21,Swimming,Japan,35.4,139.45,27,11
21,Swimming,Jordan,31.57,35.56,2,0
21,Swimming,Kazakhstan,43.19,76.55,4,0
21,Swimming,Kenya,-1.17,36.49,2,0
21,Swimming,"Korea, South",37.3,127,15,2
21,Swimming,Kuwait,29.2,48,2,0
21,Swimming,Kyrgyzstan,40.07,71.44,2,0
21,Swimming,Laos,17.59,102.38,1,0
21,Swimming,Latvia,56.4,106.1,2,0
21,Swimming,Lebanon,33.52,35.3,2,0
21,Swimming,Lesotho,-29.19,27.29,1,0
21,Swimming,Liechtenstein,47.08,9.32,1,0
21,Swimming,Lithuania,54.4,25.19,3,1
21,Swimming,Luxembourg,49.37,6.08,2,0
21,Swimming,Macedonia,42,21.28,2,0
21,Swimming,Madagascar,-18.52,47.3,2,0
21,Swimming,Malawi,-13.58,33.49,1,0
21,Swimming,Malaysia,3.08,101.42,2,0
21,Swimming,Maldives,4,73.28,2,0
21,Swimming,Mali,12.4,-7.59,2,0
21,Swimming,Malta,35.54,14.32,2,0
21,Swimming,Marshall Islands,7.7,-171.4,2,0
21,Swimming,Mauritius,-20.1,57.3,2,0
21,Swimming,Mexico,19.25,-99.1,9,0
21,Swimming,Micronesia,14.36,-61.05,2,0
21,Swimming,Moldova,47,28.5,2,0
21,Swimming,Monaco,43.44,7.25,1,0
21,Swimming,Mongolia,47.54,106.52,2,0
21,Swimming,Morocco,34.02,-16.51,1,0
21,Swimming,Mozambique,25.58,32.35,2,0
21,Swimming,Nepal,27.42,85.19,2,0
21,Swimming,Netherlands,52.21,4.54,15,4
21,Swimming,New Zealand,-41.17,174.47,15,0
21,Swimming,Nicaragua,12.06,-86.18,1,0
21,Swimming,Niger,13.32,2.05,1,0
21,Swimming,Norway,59.55,10.45,3,0
21,Swimming,Pakistan,33.4,73.08,2,0
21,Swimming,Palau,7.21,134.31,1,0
21,Swimming,Palestine,31.47,35.13,2,0
21,Swimming,Panama,8.58,-79.32,2,0
21,Swimming,Papua New Guinea,-9.3,14.07,1,0
21,Swimming,Paraguay,-25.15,-57.4,2,0
21,Swimming,Peru,-12.06,-77.03,3,0
21,Swimming,Philippines,14.37,120.58,2,0
21,Swimming,Poland,52.15,21,16,0
21,Swimming,Portugal,38.44,-9.08,7,0
21,Swimming,Puerto Rico,18.28,-6.07,2,0
21,Swimming,Qatar,25.15,51.36,2,0
21,Swimming,Romania,44.25,26.07,4,0
21,Swimming,Russia,55.45,37.42,33,4
21,Swimming,Rwanda,-1.56,30.04,2,0
21,Swimming,Saint Lucia,14.1,-60.59,1,0
21,Swimming,Saint Vincent and the Grenadines,13.1,-61.14,1,0
21,Swimming,Senegal,14.38,-17.27,2,0
21,Swimming,Serbia,44.48,20.28,8,0
21,Swimming,Seychelles,-4.38,55.28,2,0
21,Swimming,Singapore,1.18,103.5,5,0
21,Swimming,Slovakia,48.1,17.1,5,0
21,Swimming,Slovenia,46.04,14.3,16,0
21,Swimming,South Africa,-25.45,28.12,19,3
21,Swimming,Spain,40.25,-3.43,14,2
21,Swimming,Sri Lanka,6.55,79.52,1,0
21,Swimming,Sudan,15.33,32.32,2,0
21,Swimming,Suriname,5.52,-55.14,2,0
21,Swimming,Swaziland,-26.2,31.08,1,0
21,Swimming,Sweden,59.2,1.03,12,0
21,Swimming,Switzerland,46.57,7.26,7,0
21,Swimming,Syria,33.3,36.19,2,0
21,Swimming,Taiwan,25.5,121.32,3,0
21,Swimming,Tajikistan,38.38,68.51,1,0
21,Swimming,Tanzania,-6.1,35.4,1,0
21,Swimming,Thailand,13.44,100.3,2,0
21,Swimming,Togo,6.1,1.21,1,0
21,Swimming,Tonga,-21.09,-175.14,1,0
21,Swimming,Trinidad and Tobago,10.38,-61.31,1,0
21,Swimming,Tunisia,36.48,10.11,4,2
21,Swimming,Turkey,39.55,32.5,5,0
21,Swimming,Turkmenistan,37.58,58.24,2,0
21,Swimming,Uganda,0.19,32.35,2,0
21,Swimming,Ukraine,50.25,30.3,13,0
21,Swimming,United Arab Emirates,24.28,54.25,1,0
21,Swimming,United Kingdom,51.3,-0.1,41,3
21,Swimming,United States,38.55,-77,48,31
21,Swimming,Uruguay,-34.53,-56.11,2,0
21,Swimming,Uzbekistan,41.16,69.13,2,0
21,Swimming,Venezuela,10.35,-66.56,8,0
21,Swimming,Vietnam,21.01,105.52,1,0
21,Swimming,"Virgin Islands, US",18.21,-64.56,1,0
21,Swimming,Zambia,-15.26,28.2,2,0
21,Swimming,Zimbabwe,-17.5,31.03,1,0
22,Synchronised Swimming,Argentina,-34.4,-58.3,2,0
22,Synchronised Swimming,Australia,-35.18,149.08,9,0
22,Synchronised Swimming,Austria,48.13,16.22,2,0
22,Synchronised Swimming,Brazil,-15.45,-47.57,2,0
22,Synchronised Swimming,Canada,45.25,-75.43,9,0
22,Synchronised Swimming,China,39.55,116.26,9,2
22,Synchronised Swimming,Czech Republic,50.06,14.26,2,0
22,Synchronised Swimming,Egypt,30.2,31.13,9,0
22,Synchronised Swimming,France,48.5,2.2,2,0
22,Synchronised Swimming,Greece,38,23.44,2,0
22,Synchronised Swimming,Hungary,47.3,19.03,2,0
22,Synchronised Swimming,Israel,31.47,35.13,2,0
22,Synchronised Swimming,Italy,41.48,12.36,2,0
22,Synchronised Swimming,Japan,35.4,139.45,9,0
22,Synchronised Swimming,Kazakhstan,43.19,76.55,1,0
22,Synchronised Swimming,"Korea, North",39,125.47,2,0
22,Synchronised Swimming,"Korea, South",37.3,127,2,0
22,Synchronised Swimming,Mexico,19.25,-99.1,2,0
22,Synchronised Swimming,Russia,55.45,37.42,9,2
22,Synchronised Swimming,Spain,40.25,-3.43,9,2
22,Synchronised Swimming,Switzerland,46.57,7.26,2,0
22,Synchronised Swimming,Ukraine,50.25,30.3,2,0
22,Synchronised Swimming,United Kingdom,51.3,-0.1,7,0
22,Synchronised Swimming,United States,38.55,-77,2,0
23,Table Tennis,Argentina,-34.4,-58.3,1,0
23,Table Tennis,Australia,-35.18,149.08,6,0
23,Table Tennis,Austria,48.13,16.22,6,0
23,Table Tennis,Belarus,53.55,27.33,3,0
23,Table Tennis,Belgium,50.5,4.21,1,0
23,Table Tennis,Brazil,-15.45,-47.57,6,0
23,Table Tennis,Cameroon,3.52,11.31,1,0
23,Table Tennis,Canada,45.25,-75.43,4,0
23,Table Tennis,Chile,-50.46,-75.26,1,0
23,Table Tennis,China,39.55,116.26,11,6
23,Table Tennis,Colombia,4.38,-74.05,1,0
23,Table Tennis,Congo,-4.14,15.14,3,0
23,Table Tennis,Croatia,45.48,15.58,4,0
23,Table Tennis,Cuba,23.07,-82.25,1,0
23,Table Tennis,Czech Republic,50.06,14.26,2,0
23,Table Tennis,Denmark,55.43,12.34,3,0
23,Table Tennis,Djibouti,11.3,4.06,1,0
23,Table Tennis,Dominican Republic,18.3,-69.57,1,0
23,Table Tennis,Egypt,30.2,31.13,6,0
23,Table Tennis,France,48.5,2.2,3,0
23,Table Tennis,Germany,52.32,13.25,6,2
23,Table Tennis,Greece,38,23.44,2,0
23,Table Tennis,Hungary,47.3,19.03,3,0
23,Table Tennis,India,28.37,77.13,2,0
23,Table Tennis,Iran,35.4,51.26,2,0
23,Table Tennis,Italy,41.48,12.36,2,0
23,Table Tennis,Japan,35.4,139.45,6,1
23,Table Tennis,"Korea, North",39,125.47,6,0
23,Table Tennis,"Korea, South",37.3,127,6,1
23,Table Tennis,Kuwait,29.2,48,1,0
23,Table Tennis,Latvia,56.4,106.1,1,0
23,Table Tennis,Lebanon,33.52,35.3,1,0
23,Table Tennis,Luxembourg,49.37,6.08,1,0
23,Table Tennis,Mexico,19.25,-99.1,1,0
23,Table Tennis,Netherlands,52.21,4.54,3,0
23,Table Tennis,Nigeria,6.27,3.28,3,0
23,Table Tennis,Paraguay,-25.15,-57.4,1,0
23,Table Tennis,Poland,52.15,21,4,0
23,Table Tennis,Portugal,38.44,-9.08,4,0
23,Table Tennis,Qatar,25.15,51.36,1,0
23,Table Tennis,Romania,44.25,26.07,3,0
23,Table Tennis,Russia,55.45,37.42,5,0
23,Table Tennis,Serbia,44.48,20.28,2,0
23,Table Tennis,Singapore,1.18,103.5,6,2
23,Table Tennis,Slovenia,46.04,14.3,1,0
23,Table Tennis,Spain,40.25,-3.43,4,0
23,Table Tennis,Sweden,59.2,1.03,3,0
23,Table Tennis,Taiwan,25.5,121.32,3,0
23,Table Tennis,Thailand,13.44,100.3,1,0
23,Table Tennis,Togo,6.1,1.21,1,0
23,Table Tennis,Turkey,39.55,32.5,2,0
23,Table Tennis,Ukraine,50.25,30.3,3,0
23,Table Tennis,United Kingdom,51.3,-0.1,6,0
23,Table Tennis,United States,38.55,-77,4,0
23,Table Tennis,Vanuatu,-17.45,168.18,2,0
24,Taekwondo,Afghanistan,34.31,69.12,2,1
24,Taekwondo,Algeria,36.5,3,1,0
24,Taekwondo,Argentina,-34.4,-58.3,2,1
24,Taekwondo,Armenia,40.1,44.31,1,0
24,Taekwondo,Australia,-35.18,149.08,2,0
24,Taekwondo,Azerbaijan,40.22,49.53,2,0
24,Taekwondo,Brazil,-15.45,-47.57,2,0
24,Taekwondo,Cambodia,11.35,104.55,1,0
24,Taekwondo,Canada,45.25,-75.43,3,0
24,Taekwondo,Central African Republic,4.23,18.37,2,0
24,Taekwondo,Chile,-50.46,-75.26,1,0
24,Taekwondo,China,39.55,116.26,3,3
24,Taekwondo,Colombia,4.38,-74.05,1,1
24,Taekwondo,Costa Rica,9.59,-84.04,1,0
24,Taekwondo,Cote d'Ivoire,6.51,-5.18,1,0
24,Taekwondo,Croatia,45.48,15.58,2,1
24,Taekwondo,Cuba,23.07,-82.25,3,1
24,Taekwondo,Dominican Republic,18.3,-69.57,1,0
24,Taekwondo,Egypt,30.2,31.13,4,0
24,Taekwondo,Finland,60.08,25,1,0
24,Taekwondo,France,48.5,2.2,2,2
24,Taekwondo,Gabon,0.3,9.25,1,1
24,Taekwondo,Germany,52.32,13.25,2,1
24,Taekwondo,Greece,38,23.44,1,0
24,Taekwondo,Grenada,12.04,-61.44,1,0
24,Taekwondo,Guatemala,14.38,-90.22,1,0
24,Taekwondo,Iran,35.4,51.26,3,1
24,Taekwondo,Italy,41.48,12.36,2,2
24,Taekwondo,Jamaica,17.58,-76.48,1,0
24,Taekwondo,Japan,35.4,139.45,2,0
24,Taekwondo,Jordan,31.57,35.56,3,0
24,Taekwondo,Kazakhstan,43.19,76.55,3,0
24,Taekwondo,"Korea, South",37.3,127,4,2
24,Taekwondo,Kyrgyzstan,40.07,71.44,1,0
24,Taekwondo,Lebanon,33.52,35.3,1,0
24,Taekwondo,Mali,12.4,-7.59,1,0
24,Taekwondo,Mexico,19.25,-99.1,4,1
24,Taekwondo,Morocco,34.02,-16.51,3,0
24,Taekwondo,Netherlands,52.21,4.54,1,0
24,Taekwondo,New Zealand,-41.17,174.47,3,0
24,Taekwondo,Nigeria,6.27,3.28,2,0
24,Taekwondo,Panama,8.58,-79.32,1,0
24,Taekwondo,Peru,-12.06,-77.03,1,0
24,Taekwondo,Poland,52.15,21,1,0
24,Taekwondo,Russia,55.45,37.42,4,2
24,Taekwondo,Samoa,-13.5,-171.45,2,0
24,Taekwondo,Senegal,14.38,-17.27,1,0
24,Taekwondo,Serbia,44.48,20.28,3,1
24,Taekwondo,Slovenia,46.04,14.3,2,0
24,Taekwondo,Spain,40.25,-3.43,3,3
24,Taekwondo,Sweden,59.2,1.03,2,0
24,Taekwondo,Taiwan,25.5,121.32,3,1
24,Taekwondo,Tajikistan,38.38,68.51,2,0
24,Taekwondo,Thailand,13.44,100.3,3,1
24,Taekwondo,Tunisia,36.48,10.11,1,0
24,Taekwondo,Turkey,39.55,32.5,3,2
24,Taekwondo,Ukraine,50.25,30.3,2,0
24,Taekwondo,United Kingdom,51.3,-0.1,4,2
24,Taekwondo,United States,38.55,-77,4,2
24,Taekwondo,Uzbekistan,41.16,69.13,3,0
24,Taekwondo,Vietnam,21.01,105.52,2,0
24,Taekwondo,Yemen,15.24,44.14,1,0
25,Tennis,Argentina,-34.4,-58.3,7,1
25,Tennis,Australia,-35.18,149.08,4,0
25,Tennis,Austria,48.13,16.22,3,0
25,Tennis,Belarus,53.55,27.33,3,2
25,Tennis,Belgium,50.5,4.21,4,0
25,Tennis,Brazil,-15.45,-47.57,4,0
25,Tennis,Bulgaria,42.4,23.18,1,0
25,Tennis,Canada,45.25,-75.43,5,0
25,Tennis,China,39.55,116.26,3,0
25,Tennis,Colombia,4.38,-74.05,4,0
25,Tennis,Croatia,45.48,15.58,2,0
25,Tennis,Cyprus,35.09,33.21,1,0
25,Tennis,Czech Republic,50.06,14.26,8,1
25,Tennis,Denmark,55.43,12.34,1,0
25,Tennis,Finland,60.08,25,1,0
25,Tennis,France,48.5,2.2,7,2
25,Tennis,Georgia,41.43,44.48,1,0
25,Tennis,Germany,52.32,13.25,7,0
25,Tennis,Hungary,47.3,19.03,1,0
25,Tennis,India,28.37,77.13,7,0
25,Tennis,Israel,31.47,35.13,2,0
25,Tennis,Italy,41.48,12.36,7,0
25,Tennis,Japan,35.4,139.45,2,0
25,Tennis,Kazakhstan,43.19,76.55,3,0
25,Tennis,Liechtenstein,47.08,9.32,1,0
25,Tennis,Luxembourg,49.37,6.08,1,0
25,Tennis,Netherlands,52.21,4.54,2,0
25,Tennis,Paraguay,-25.15,-57.4,1,0
25,Tennis,Poland,52.15,21,5,0
25,Tennis,Romania,44.25,26.07,5,0
25,Tennis,Russia,55.45,37.42,9,2
25,Tennis,Serbia,44.48,20.28,4,0
25,Tennis,Slovakia,48.1,17.1,4,0
25,Tennis,Slovenia,46.04,14.3,4,0
25,Tennis,Spain,40.25,-3.43,12,0
25,Tennis,Sweden,59.2,1.03,3,0
25,Tennis,Switzerland,46.57,7.26,2,1
25,Tennis,Taiwan,25.5,121.32,3,0
25,Tennis,Tunisia,36.48,10.11,2,0
25,Tennis,Ukraine,50.25,30.3,2,0
25,Tennis,United Kingdom,51.3,-0.1,7,2
25,Tennis,United States,38.55,-77,11,4
25,Tennis,Uzbekistan,41.16,69.13,1,0
26,Trampoline,Australia,-35.18,149.08,1,0
26,Trampoline,Belarus,53.55,27.33,2,0
26,Trampoline,Canada,45.25,-75.43,3,1
26,Trampoline,China,39.55,116.26,4,4
26,Trampoline,Czech Republic,50.06,14.26,1,0
26,Trampoline,Denmark,55.43,12.34,1,0
26,Trampoline,France,48.5,2.2,1,0
26,Trampoline,Georgia,41.43,44.48,1,0
26,Trampoline,Germany,52.32,13.25,2,0
26,Trampoline,Italy,41.48,12.36,1,0
26,Trampoline,Japan,35.4,139.45,2,0
26,Trampoline,Netherlands,52.21,4.54,1,0
26,Trampoline,Portugal,38.44,-9.08,2,0
26,Trampoline,Russia,55.45,37.42,3,1
26,Trampoline,Ukraine,50.25,30.3,2,0
26,Trampoline,United Kingdom,51.3,-0.1,1,0
26,Trampoline,United States,38.55,-77,2,0
26,Trampoline,Uzbekistan,41.16,69.13,1,0
28,Volleyball,Algeria,36.5,3,12,0
28,Volleyball,Argentina,-34.4,-58.3,12,0
28,Volleyball,Australia,-35.18,149.08,10,0
28,Volleyball,Brazil,-15.45,-47.57,22,2
28,Volleyball,Bulgaria,42.4,23.18,11,0
28,Volleyball,China,39.55,116.26,11,0
28,Volleyball,Dominican Republic,18.3,-69.57,12,0
28,Volleyball,Germany,52.32,13.25,10,0
28,Volleyball,Italy,41.48,12.36,24,1
28,Volleyball,Japan,35.4,139.45,12,1
28,Volleyball,"Korea, South",37.3,127,12,0
28,Volleyball,Poland,52.15,21,11,0
28,Volleyball,Russia,55.45,37.42,23,1
28,Volleyball,Serbia,44.48,20.28,24,0
28,Volleyball,Tunisia,36.48,10.11,12,0
28,Volleyball,Turkey,39.55,32.5,9,0
28,Volleyball,United Kingdom,51.3,-0.1,21,0
28,Volleyball,United States,38.55,-77,23,1
29,Water Polo,Australia,-35.18,149.08,26,1
29,Water Polo,China,39.55,116.26,13,0
29,Water Polo,Croatia,45.48,15.58,13,1
29,Water Polo,Greece,38,23.44,13,0
29,Water Polo,Hungary,47.3,19.03,23,0
29,Water Polo,Italy,41.48,12.36,25,1
29,Water Polo,Kazakhstan,43.19,76.55,12,0
29,Water Polo,Montenegro,42.47,19.28,12,0
29,Water Polo,Romania,44.25,26.07,12,0
29,Water Polo,Russia,55.45,37.42,13,0
29,Water Polo,Serbia,44.48,20.28,11,1
29,Water Polo,Spain,40.25,-3.43,25,1
29,Water Polo,United Kingdom,51.3,-0.1,25,0
29,Water Polo,United States,38.55,-77,26,1
30,Weightlifting,Albania,41.2,19.49,4,0
30,Weightlifting,Algeria,36.5,3,1,0
30,Weightlifting,Armenia,40.1,44.31,6,1
30,Weightlifting,Aruba,12.32,-70.02,1,0
30,Weightlifting,Australia,-35.18,149.08,2,0
30,Weightlifting,Azerbaijan,40.22,49.53,6,1
30,Weightlifting,Belarus,53.55,27.33,7,2
30,Weightlifting,Belgium,50.5,4.21,1,0
30,Weightlifting,Brazil,-15.45,-47.57,2,0
30,Weightlifting,Bulgaria,42.4,23.18,2,0
30,Weightlifting,Cameroon,3.52,11.31,2,0
30,Weightlifting,Canada,45.25,-75.43,3,1
30,Weightlifting,Chile,-50.46,-75.26,2,0
30,Weightlifting,China,39.55,116.26,9,7
30,Weightlifting,Colombia,4.38,-74.05,7,1
30,Weightlifting,Cook Islands,-21.12,-159.46,1,0
30,Weightlifting,Cuba,23.07,-82.25,4,1
30,Weightlifting,Czech Republic,50.06,14.26,1,0
30,Weightlifting,Dominican Republic,18.3,-69.57,1,0
30,Weightlifting,Ecuador,-0.14,-78.3,4,0
30,Weightlifting,Egypt,30.2,31.13,7,0
30,Weightlifting,El Salvador,13.4,-89.1,1,0
30,Weightlifting,Fiji,-18.08,178.25,2,0
30,Weightlifting,Finland,60.08,25,1,0
30,Weightlifting,France,48.5,2.2,4,0
30,Weightlifting,Georgia,41.43,44.48,2,0
30,Weightlifting,Germany,52.32,13.25,5,0
30,Weightlifting,Ghana,5.33,-0.15,1,0
30,Weightlifting,Greece,38,23.44,1,0
30,Weightlifting,Guatemala,14.38,-90.22,2,0
30,Weightlifting,Honduras,14.05,-87.14,1,0
30,Weightlifting,Hungary,47.3,19.03,1,0
30,Weightlifting,India,28.37,77.13,2,0
30,Weightlifting,Indonesia,-6.08,106.45,5,2
30,Weightlifting,Iran,35.4,51.26,6,4
30,Weightlifting,Iraq,33.2,44.26,1,0
30,Weightlifting,Italy,41.48,12.36,1,0
30,Weightlifting,Japan,35.4,139.45,5,1
30,Weightlifting,Kazakhstan,43.19,76.55,7,4
30,Weightlifting,Kenya,-1.17,36.49,1,0
30,Weightlifting,Kiribati,14.36,-61.05,1,0
30,Weightlifting,"Korea, North",39,125.47,8,4
30,Weightlifting,"Korea, South",37.3,127,10,0
30,Weightlifting,Kyrgyzstan,40.07,71.44,1,0
30,Weightlifting,Latvia,56.4,106.1,1,0
30,Weightlifting,Madagascar,-18.52,47.3,1,0
30,Weightlifting,Mexico,19.25,-99.1,2,0
30,Weightlifting,Micronesia,14.36,-61.05,1,0
30,Weightlifting,Moldova,47,28.5,2,2
30,Weightlifting,Nauru,-32.52,166.55,1,0
30,Weightlifting,New Zealand,-41.17,174.47,1,0
30,Weightlifting,Nicaragua,12.06,-86.18,1,0
30,Weightlifting,Nigeria,6.27,3.28,2,0
30,Weightlifting,Palau,7.21,134.31,1,0
30,Weightlifting,Papua New Guinea,-9.3,14.07,2,0
30,Weightlifting,Peru,-12.06,-77.03,1,0
30,Weightlifting,Philippines,14.37,120.58,1,0
30,Weightlifting,Poland,52.15,21,6,2
30,Weightlifting,Puerto Rico,18.28,-6.07,1,0
30,Weightlifting,Romania,44.25,26.07,4,2
30,Weightlifting,Russia,55.45,37.42,10,6
30,Weightlifting,Samoa,-13.5,-171.45,2,0
30,Weightlifting,Saudi Arabia,24.39,46.46,1,0
30,Weightlifting,Singapore,1.18,103.5,1,0
30,Weightlifting,Slovakia,48.1,17.1,1,0
30,Weightlifting,Solomon Islands,-9.28,159.57,1,0
30,Weightlifting,South Africa,-25.45,28.12,1,0
30,Weightlifting,Spain,40.25,-3.43,2,0
30,Weightlifting,Syria,33.3,36.19,2,0
30,Weightlifting,Taiwan,25.5,121.32,4,1
30,Weightlifting,Thailand,13.44,100.3,7,1
30,Weightlifting,Tunisia,36.48,10.11,2,0
30,Weightlifting,Turkey,39.55,32.5,8,0
30,Weightlifting,Turkmenistan,37.58,58.24,3,0
30,Weightlifting,Tuvalu,14.36,-61.05,1,0
30,Weightlifting,Uganda,0.19,32.35,1,0
30,Weightlifting,Ukraine,50.25,30.3,7,2
30,Weightlifting,United Arab Emirates,24.28,54.25,1,0
30,Weightlifting,United Kingdom,51.3,-0.1,5,0
30,Weightlifting,United States,38.55,-77,2,0
30,Weightlifting,Uzbekistan,41.16,69.13,6,0
30,Weightlifting,Venezuela,10.35,-66.56,3,0
30,Weightlifting,Vietnam,21.01,105.52,2,0
31,Wrestling,Algeria,36.5,3,3,0
31,Wrestling,American Samoa,-14.16,-170.43,1,0
31,Wrestling,Argentina,-34.4,-58.3,1,0
31,Wrestling,Armenia,40.1,44.31,7,2
31,Wrestling,Australia,-35.18,149.08,1,0
31,Wrestling,Austria,48.13,16.22,1,0
31,Wrestling,Azerbaijan,40.22,49.53,13,7
31,Wrestling,Belarus,53.55,27.33,9,0
31,Wrestling,Brazil,-15.45,-47.57,1,0
31,Wrestling,Bulgaria,42.4,23.18,8,1
31,Wrestling,Cameroon,3.52,11.31,1,0
31,Wrestling,Canada,45.25,-75.43,9,2
31,Wrestling,Central African Republic,4.23,18.37,1,0
31,Wrestling,Chile,-50.46,-75.26,1,0
31,Wrestling,China,39.55,116.26,6,1
31,Wrestling,Colombia,4.38,-74.05,3,1
31,Wrestling,Cote d'Ivoire,6.51,-5.18,1,0
31,Wrestling,Croatia,45.48,15.58,2,0
31,Wrestling,Cuba,23.07,-82.25,12,2
31,Wrestling,Czech Republic,50.06,14.26,1,0
31,Wrestling,Denmark,55.43,12.34,2,0
31,Wrestling,Ecuador,-0.14,-78.3,2,0
31,Wrestling,Egypt,30.2,31.13,13,1
31,Wrestling,Estonia,59.22,24.48,2,1
31,Wrestling,Finland,60.08,25,2,0
31,Wrestling,France,48.5,2.2,6,1
31,Wrestling,Georgia,41.43,44.48,12,6
31,Wrestling,Germany,52.32,13.25,4,0
31,Wrestling,Greece,38,23.44,2,0
31,Wrestling,Guam,13.28,144.45,1,0
31,Wrestling,Guinea-Bissau,11.52,-15.39,2,0
31,Wrestling,Honduras,14.05,-87.14,1,0
31,Wrestling,Hungary,47.3,19.03,7,2
31,Wrestling,India,28.37,77.13,5,2
31,Wrestling,Iran,35.4,51.26,10,6
31,Wrestling,Iraq,33.2,44.26,1,0
31,Wrestling,Japan,35.4,139.45,13,6
31,Wrestling,Kazakhstan,43.19,76.55,13,3
31,Wrestling,"Korea, North",39,125.47,5,1
31,Wrestling,"Korea, South",37.3,127,9,1
31,Wrestling,Kyrgyzstan,40.07,71.44,3,0
31,Wrestling,Latvia,56.4,106.1,2,0
31,Wrestling,Lithuania,54.4,25.19,2,1
31,Wrestling,Madagascar,-18.52,47.3,1,0
31,Wrestling,Mexico,19.25,-99.1,1,0
31,Wrestling,Micronesia,14.36,-61.05,1,0
31,Wrestling,Moldova,47,28.5,2,0
31,Wrestling,Mongolia,47.54,106.52,8,1
31,Wrestling,Morocco,34.02,-16.51,2,0
31,Wrestling,Namibia,-22.34,17.06,1,0
31,Wrestling,Nigeria,6.27,3.28,4,0
31,Wrestling,Norway,59.55,10.45,1,0
31,Wrestling,Poland,52.15,21,4,1
31,Wrestling,Puerto Rico,18.28,-6.07,3,1
31,Wrestling,Romania,44.25,26.07,2,0
31,Wrestling,Russia,55.45,37.42,15,11
31,Wrestling,Senegal,14.38,-17.27,2,0
31,Wrestling,Serbia,44.48,20.28,1,0
31,Wrestling,Spain,40.25,-3.43,1,1
31,Wrestling,Sweden,59.2,1.03,6,2
31,Wrestling,Tajikistan,38.38,68.51,4,0
31,Wrestling,Tunisia,36.48,10.11,8,0
31,Wrestling,Turkey,39.55,32.5,13,1
31,Wrestling,Ukraine,50.25,30.3,11,1
31,Wrestling,United Kingdom,51.3,-0.1,1,0
31,Wrestling,United States,38.55,-77,17,4
31,Wrestling,Uzbekistan,41.16,69.13,7,2
31,Wrestling,Venezuela,10.35,-66.56,6,0
31,Wrestling,Vietnam,21.01,105.52,1,0
13,Gymnastics,Argentina,-34.4,-58.3,2,0
13,Gymnastics,Armenia,40.1,44.31,1,0
13,Gymnastics,Australia,-35.18,149.08,7,0
13,Gymnastics,Austria,48.13,16.22,3,0
13,Gymnastics,Azerbaijan,40.22,49.53,2,0
13,Gymnastics,Bangladesh,23.42,90.22,1,0
13,Gymnastics,Belarus,53.55,27.33,10,2
13,Gymnastics,Belgium,50.5,4.21,2,0
13,Gymnastics,Brazil,-15.45,-47.57,8,1
13,Gymnastics,Bulgaria,42.4,23.18,9,0
13,Gymnastics,Canada,45.25,-75.43,11,0
13,Gymnastics,Chile,-50.46,-75.26,2,0
13,Gymnastics,China,39.55,116.26,11,8
13,Gymnastics,Colombia,4.38,-74.05,2,0
13,Gymnastics,Cyprus,35.09,33.21,1,0
13,Gymnastics,Czech Republic,50.06,14.26,2,0
13,Gymnastics,Dominican Republic,18.3,-69.57,1,0
13,Gymnastics,Egypt,30.2,31.13,4,0
13,Gymnastics,Finland,60.08,25,1,0
13,Gymnastics,France,48.5,2.2,10,1
13,Gymnastics,Germany,52.32,13.25,14,3
13,Gymnastics,Greece,38,23.44,9,0
13,Gymnastics,Guatemala,14.38,-90.22,1,0
13,Gymnastics,Hungary,47.3,19.03,3,1
13,Gymnastics,Ireland,53.2,-6.15,1,0
13,Gymnastics,Israel,31.47,35.13,9,0
13,Gymnastics,Italy,41.48,12.36,17,2
13,Gymnastics,Japan,35.4,139.45,15,3
13,Gymnastics,Kazakhstan,43.19,76.55,3,0
13,Gymnastics,"Korea, South",37.3,127,7,1
13,Gymnastics,Latvia,56.4,106.1,1,0
13,Gymnastics,Lithuania,54.4,25.19,1,0
13,Gymnastics,Mexico,19.25,-99.1,2,0
13,Gymnastics,Netherlands,52.21,4.54,2,1
13,Gymnastics,Poland,52.15,21,3,0
13,Gymnastics,Portugal,38.44,-9.08,2,0
13,Gymnastics,Puerto Rico,18.28,-6.07,1,0
13,Gymnastics,Romania,44.25,26.07,10,3
13,Gymnastics,Russia,55.45,37.42,19,11
13,Gymnastics,Singapore,1.18,103.5,1,0
13,Gymnastics,Slovakia,48.1,17.1,2,0
13,Gymnastics,Slovenia,46.04,14.3,1,0
13,Gymnastics,Spain,40.25,-3.43,13,0
13,Gymnastics,Sweden,59.2,1.03,1,0
13,Gymnastics,Switzerland,46.57,7.26,2,0
13,Gymnastics,Tunisia,36.48,10.11,1,0
13,Gymnastics,Ukraine,50.25,30.3,13,1
13,Gymnastics,United Kingdom,51.3,-0.1,16,4
13,Gymnastics,United States,38.55,-77,10,6
13,Gymnastics,Venezuela,10.35,-66.56,1,0
13,Gymnastics,Vietnam,21.01,105.52,3,0
8,Cycling,Algeria,36.5,3,1,0
8,Cycling,Argentina,-34.4,-58.3,4,0
8,Cycling,Australia,-35.18,149.08,26,6
8,Cycling,Austria,48.13,16.22,5,0
8,Cycling,Azerbaijan,40.22,49.53,1,0
8,Cycling,Belarus,53.55,27.33,9,0
8,Cycling,Belgium,50.5,4.21,17,0
8,Cycling,Brazil,-15.45,-47.57,8,0
8,Cycling,Bulgaria,42.4,23.18,2,0
8,Cycling,Canada,45.25,-75.43,15,1
8,Cycling,Chile,-50.46,-75.26,3,0
8,Cycling,China,39.55,116.26,14,4
8,Cycling,Colombia,4.38,-74.05,17,3
8,Cycling,Costa Rica,9.59,-84.04,2,0
8,Cycling,Croatia,45.48,15.58,2,0
8,Cycling,Cuba,23.07,-82.25,4,0
8,Cycling,Cyprus,35.09,33.21,1,0
8,Cycling,Czech Republic,50.06,14.26,10,1
8,Cycling,Denmark,55.43,12.34,9,1
8,Cycling,Ecuador,-0.14,-78.3,2,0
8,Cycling,El Salvador,13.4,-89.1,1,0
8,Cycling,Eritrea,15.2,38.58,1,0
8,Cycling,Estonia,59.22,24.48,2,0
8,Cycling,Finland,60.08,25,2,0
8,Cycling,France,48.5,2.2,23,4
8,Cycling,Georgia,41.43,44.48,1,0
8,Cycling,Germany,52.32,13.25,25,6
8,Cycling,Greece,38,23.44,4,0
8,Cycling,Guam,13.28,144.45,1,0
8,Cycling,Hungary,47.3,19.03,3,0
8,Cycling,Iran,35.4,51.26,2,0
8,Cycling,Ireland,53.2,-6.15,3,0
8,Cycling,Italy,41.48,12.36,12,1
8,Cycling,Japan,35.4,139.45,9,0
8,Cycling,Kazakhstan,43.19,76.55,2,1
8,Cycling,"Korea, South",37.3,127,10,0
8,Cycling,Latvia,56.4,106.1,4,1
8,Cycling,Lithuania,54.4,25.19,4,0
8,Cycling,Luxembourg,49.37,6.08,3,0
8,Cycling,Malaysia,3.08,101.42,5,0
8,Cycling,Mauritius,-20.1,57.3,1,0
8,Cycling,Mexico,19.25,-99.1,2,0
8,Cycling,Moldova,47,28.5,1,0
8,Cycling,Morocco,34.02,-16.51,3,0
8,Cycling,Namibia,-22.34,17.06,2,0
8,Cycling,Netherlands,52.21,4.54,23,3
8,Cycling,New Zealand,-41.17,174.47,21,3
8,Cycling,Norway,59.55,10.45,6,1
8,Cycling,Philippines,14.37,120.58,1,0
8,Cycling,Poland,52.15,21,10,0
8,Cycling,Portugal,38.44,-9.08,4,0
8,Cycling,Romania,44.25,26.07,1,0
8,Cycling,Russia,55.45,37.42,18,2
8,Cycling,Rwanda,-1.56,30.04,1,0
8,Cycling,Serbia,44.48,20.28,2,0
8,Cycling,Slovakia,48.1,17.1,1,0
8,Cycling,Slovenia,46.04,14.3,6,0
8,Cycling,South Africa,-25.45,28.12,9,0
8,Cycling,Spain,40.25,-3.43,15,0
8,Cycling,Sweden,59.2,1.03,4,0
8,Cycling,Switzerland,46.57,7.26,11,1
8,Cycling,Syria,33.3,36.19,1,0
8,Cycling,Taiwan,25.5,121.32,1,0
8,Cycling,Thailand,13.44,100.3,1,0
8,Cycling,Trinidad and Tobago,10.38,-61.31,1,0
8,Cycling,Turkey,39.55,32.5,3,0
8,Cycling,Ukraine,50.25,30.3,10,0
8,Cycling,United Kingdom,51.3,-0.1,23,12
8,Cycling,United States,38.55,-77,24,4
8,Cycling,Uruguay,-34.53,-56.11,1,0
8,Cycling,Uzbekistan,41.16,69.13,2,0
8,Cycling,Venezuela,10.35,-66.56,11,0
27,Triathlon,Argentina,-34.4,-58.3,1,0
27,Triathlon,Australia,-35.18,149.08,6,1
27,Triathlon,Austria,48.13,16.22,2,0
27,Triathlon,Belgium,50.5,4.21,2,0
27,Triathlon,Bermuda,32.18,-64.48,2,0
27,Triathlon,Brazil,-15.45,-47.57,3,0
27,Triathlon,Canada,45.25,-75.43,5,0
27,Triathlon,Chile,-50.46,-75.26,2,0
27,Triathlon,China,39.55,116.26,1,0
27,Triathlon,Colombia,4.38,-74.05,1,0
27,Triathlon,Costa Rica,9.59,-84.04,1,0
27,Triathlon,Czech Republic,50.06,14.26,4,0
27,Triathlon,Denmark,55.43,12.34,2,0
27,Triathlon,Ecuador,-0.14,-78.3,1,0
27,Triathlon,France,48.5,2.2,6,0
27,Triathlon,Germany,52.32,13.25,6,0
27,Triathlon,Hungary,47.3,19.03,1,0
27,Triathlon,Ireland,53.2,-6.15,2,0
27,Triathlon,Italy,41.48,12.36,2,0
27,Triathlon,Japan,35.4,139.45,3,0
27,Triathlon,"Korea, South",37.3,127,1,0
27,Triathlon,Mauritius,-20.1,57.3,1,0
27,Triathlon,Mexico,19.25,-99.1,2,0
27,Triathlon,Monaco,43.44,7.25,1,0
27,Triathlon,Netherlands,52.21,4.54,2,0
27,Triathlon,New Zealand,-41.17,174.47,5,0
27,Triathlon,Poland,52.15,21,3,0
27,Triathlon,Portugal,38.44,-9.08,2,0
27,Triathlon,Russia,55.45,37.42,4,0
27,Triathlon,Slovakia,48.1,17.1,1,0
27,Triathlon,Slovenia,46.04,14.3,1,0
27,Triathlon,South Africa,-25.45,28.12,2,0
27,Triathlon,Spain,40.25,-3.43,6,1
27,Triathlon,Sweden,59.2,1.03,1,1
27,Triathlon,Switzerland,46.57,7.26,4,1
27,Triathlon,Ukraine,50.25,30.3,2,0
27,Triathlon,United Kingdom,51.3,-0.1,6,2
27,Triathlon,United States,38.55,-77,5,0
27,Triathlon,Zimbabwe,-17.5,31.03,1,0
7,Canoe,Angola,-8.5,13.15,2,0
7,Canoe,Argentina,-34.4,-58.3,3,0
7,Canoe,Australia,-35.18,149.08,20,2
7,Canoe,Austria,48.13,16.22,4,0
7,Canoe,Azerbaijan,40.22,49.53,3,0
7,Canoe,Belarus,53.55,27.33,11,3
7,Canoe,Belgium,50.5,4.21,4,0
7,Canoe,Brazil,-15.45,-47.57,3,0
7,Canoe,Bulgaria,42.4,23.18,1,0
7,Canoe,Canada,45.25,-75.43,7,3
7,Canoe,China,39.55,116.26,14,0
7,Canoe,Cook Islands,-21.12,-159.46,1,0
7,Canoe,Croatia,45.48,15.58,1,0
7,Canoe,Cuba,23.07,-82.25,5,0
7,Canoe,Czech Republic,50.06,14.26,10,2
7,Canoe,Denmark,55.43,12.34,5,0
7,Canoe,Ecuador,-0.14,-78.3,1,0
7,Canoe,Egypt,30.2,31.13,1,0
7,Canoe,Finland,60.08,25,2,0
7,Canoe,France,48.5,2.2,14,2
7,Canoe,Germany,52.32,13.25,21,8
7,Canoe,Hungary,47.3,19.03,12,6
7,Canoe,Iran,35.4,51.26,2,0
7,Canoe,Ireland,53.2,-6.15,3,0
7,Canoe,Italy,41.48,12.36,8,1
7,Canoe,Japan,35.4,139.45,8,0
7,Canoe,Kazakhstan,43.19,76.55,5,0
7,Canoe,Latvia,56.4,106.1,1,0
7,Canoe,Lithuania,54.4,25.19,2,1
7,Canoe,Mexico,19.25,-99.1,1,0
7,Canoe,Morocco,34.02,-16.51,1,0
7,Canoe,New Zealand,-41.17,174.47,7,1
7,Canoe,Nigeria,6.27,3.28,1,0
7,Canoe,Norway,59.55,10.45,2,1
7,Canoe,Poland,52.15,21,12,1
7,Canoe,Portugal,38.44,-9.08,5,1
7,Canoe,Romania,44.25,26.07,10,0
7,Canoe,Russia,55.45,37.42,19,3
7,Canoe,Samoa,-13.5,-171.45,1,0
7,Canoe,Senegal,14.38,-17.27,1,0
7,Canoe,Serbia,44.48,20.28,11,0
7,Canoe,Singapore,1.18,103.5,1,0
7,Canoe,Slovakia,48.1,17.1,12,2
7,Canoe,Slovenia,46.04,14.3,6,0
7,Canoe,South Africa,-25.45,28.12,2,1
7,Canoe,Spain,40.25,-3.43,8,3
7,Canoe,Sweden,59.2,1.03,5,0
7,Canoe,Switzerland,46.57,7.26,2,0
7,Canoe,Thailand,13.44,100.3,1,0
7,Canoe,Togo,6.1,1.21,1,0
7,Canoe,Tunisia,36.48,10.11,3,0
7,Canoe,Ukraine,50.25,30.3,2,3
7,Canoe,United Kingdom,51.3,-0.1,15,4
7,Canoe,United States,38.55,-77,7,0
7,Canoe,Uzbekistan,41.16,69.13,2,0
5,Beach Volleyball,Argentina,-34.4,-58.3,2,0
5,Beach Volleyball,Australia,-35.18,149.08,4,0
5,Beach Volleyball,Austria,48.13,16.22,4,0
5,Beach Volleyball,Brazil,-15.45,-47.57,7,2
5,Beach Volleyball,Canada,45.25,-75.43,4,0
5,Beach Volleyball,China,39.55,116.26,4,0
5,Beach Volleyball,Czech Republic,50.06,14.26,6,0
5,Beach Volleyball,Germany,52.32,13.25,7,1
5,Beach Volleyball,Greece,38,23.44,2,0
5,Beach Volleyball,Italy,41.48,12.36,4,0
5,Beach Volleyball,Japan,35.4,139.45,2,0
5,Beach Volleyball,Latvia,56.4,106.1,4,1
5,Beach Volleyball,Mauritius,-20.1,57.3,2,0
5,Beach Volleyball,Netherlands,52.21,4.54,6,0
5,Beach Volleyball,Norway,59.55,10.45,2,0
5,Beach Volleyball,Poland,52.15,21,2,0
5,Beach Volleyball,Russia,55.45,37.42,5,0
5,Beach Volleyball,South Africa,-25.45,28.12,2,0
5,Beach Volleyball,Spain,40.25,-3.43,4,0
5,Beach Volleyball,Switzerland,46.57,7.26,6,0
5,Beach Volleyball,United Kingdom,51.3,-0.1,4,0
5,Beach Volleyball,United States,38.55,-77,8,2
5,Beach Volleyball,Venezuela,10.35,-66.56,2,0
17,Modern Pentathlon,Australia,-35.18,149.08,2,0
17,Modern Pentathlon,Austria,48.13,16.22,1,0
17,Modern Pentathlon,Belarus,53.55,27.33,2,0
17,Modern Pentathlon,Brazil,-15.45,-47.57,1,1
17,Modern Pentathlon,Canada,45.25,-75.43,2,0
17,Modern Pentathlon,Chile,-50.46,-75.26,1,0
17,Modern Pentathlon,China,39.55,116.26,4,1
17,Modern Pentathlon,Czech Republic,50.06,14.26,3,1
17,Modern Pentathlon,Egypt,30.2,31.13,3,0
17,Modern Pentathlon,Finland,60.08,25,1,0
17,Modern Pentathlon,France,48.5,2.2,3,0
17,Modern Pentathlon,Germany,52.32,13.25,4,0
17,Modern Pentathlon,Hungary,47.3,19.03,4,1
17,Modern Pentathlon,Ireland,53.2,-6.15,1,0
17,Modern Pentathlon,Italy,41.48,12.36,4,0
17,Modern Pentathlon,Japan,35.4,139.45,2,0
17,Modern Pentathlon,Kazakhstan,43.19,76.55,2,0
17,Modern Pentathlon,"Korea, South",37.3,127,3,0
17,Modern Pentathlon,Latvia,56.4,106.1,2,0
17,Modern Pentathlon,Lithuania,54.4,25.19,3,1
17,Modern Pentathlon,Mexico,19.25,-99.1,2,0
17,Modern Pentathlon,Poland,52.15,21,4,0
17,Modern Pentathlon,Russia,55.45,37.42,4,0
17,Modern Pentathlon,Ukraine,50.25,30.3,4,0
17,Modern Pentathlon,United Kingdom,51.3,-0.1,4,1
17,Modern Pentathlon,United States,38.55,-77,3,0
